INHIBITOR_ID,INN_Name,Targets,RoF,MW,LogP,TPSA,HBA,HBD,NRB,Smiles,InChi_Key,ChEMBL_ID,image_link
1,Abemaciclib,CDK4,1,506.3,4.9,75,8,1,7,CCN1CCN(CC1)Cc2ccc(nc2)Nc3ncc(c(n3)c4cc5c(c(c4)F)nc(n5C(C)C)C)F,UZWDCWONPYILKI-UHFFFAOYSA-N,CHEMBL3301610,http://www.icoa.fr/pkidb/static/img/mol/Abemaciclib.svg
2,Abemaciclib,CDK6,1,506.3,4.9,75,8,1,7,CCN1CCN(CC1)Cc2ccc(nc2)Nc3ncc(c(n3)c4cc5c(c(c4)F)nc(n5C(C)C)C)F,UZWDCWONPYILKI-UHFFFAOYSA-N,CHEMBL3301610,http://www.icoa.fr/pkidb/static/img/mol/Abemaciclib.svg
3,Acalabrutinib,BTK,0,465.2,3.3,118.5,7,2,4,CC#CC(=O)N1CCC[C@H]1c2nc(c3n2ccnc3N)c4ccc(cc4)C(=O)Nc5ccccn5,WDENQIQQYWYTPO-IBGZPJMESA-N,CHEMBL3707348,http://www.icoa.fr/pkidb/static/img/mol/Acalabrutinib.svg
4,Adavosertib,WEE1,1,500.3,2.9,104.3,10,2,7,CC(C)(c1cccc(n1)n2c3c(cnc(n3)Nc4ccc(cc4)N5CCN(CC5)C)c(=O)n2CC=C)O,BKWJAKQVGHWELA-UHFFFAOYSA-N,CHEMBL1976040,http://www.icoa.fr/pkidb/static/img/mol/Adavosertib.svg
5,Afatinib,EGFR,0,485.2,4.4,88.6,7,2,8,CN(C)C/C=C/C(=O)Nc1cc2c(cc1O[C@H]3CCOC3)ncnc2Nc4ccc(c(c4)Cl)F,ULXXDDBFHOBEHA-CWDCEQMOSA-N,CHEMBL1173655,http://www.icoa.fr/pkidb/static/img/mol/Afatinib.svg
6,Afatinib,ERBB2,0,485.2,4.4,88.6,7,2,8,CN(C)C/C=C/C(=O)Nc1cc2c(cc1O[C@H]3CCOC3)ncnc2Nc4ccc(c(c4)Cl)F,ULXXDDBFHOBEHA-CWDCEQMOSA-N,CHEMBL1173655,http://www.icoa.fr/pkidb/static/img/mol/Afatinib.svg
7,Afatinib,ERBB4,0,485.2,4.4,88.6,7,2,8,CN(C)C/C=C/C(=O)Nc1cc2c(cc1O[C@H]3CCOC3)ncnc2Nc4ccc(c(c4)Cl)F,ULXXDDBFHOBEHA-CWDCEQMOSA-N,CHEMBL1173655,http://www.icoa.fr/pkidb/static/img/mol/Afatinib.svg
8,Afuresertib,AKT1,0,426,3.9,72.9,5,2,6,Cn1c(c(cn1)Cl)c2cc(sc2Cl)C(=O)N[C@@H](Cc3cccc(c3)F)CN,AFJRDFWMXUECEW-LBPRGKRZSA-N,CHEMBL2219422,http://www.icoa.fr/pkidb/static/img/mol/Afuresertib.svg
9,Afuresertib,AKT2,0,426,3.9,72.9,5,2,6,Cn1c(c(cn1)Cl)c2cc(sc2Cl)C(=O)N[C@@H](Cc3cccc(c3)F)CN,AFJRDFWMXUECEW-LBPRGKRZSA-N,CHEMBL2219422,http://www.icoa.fr/pkidb/static/img/mol/Afuresertib.svg
10,Afuresertib,AKT3,0,426,3.9,72.9,5,2,6,Cn1c(c(cn1)Cl)c2cc(sc2Cl)C(=O)N[C@@H](Cc3cccc(c3)F)CN,AFJRDFWMXUECEW-LBPRGKRZSA-N,CHEMBL2219422,http://www.icoa.fr/pkidb/static/img/mol/Afuresertib.svg
11,Alectinib,ALK,0,482.3,4.8,72.4,5,1,3,CCc1cc2c(cc1N3CCC(CC3)N4CCOCC4)C(c5c(c6ccc(cc6[nH]5)C#N)C2=O)(C)C,KDGFLJKFZUIJMX-UHFFFAOYSA-N,CHEMBL1738797,http://www.icoa.fr/pkidb/static/img/mol/Alectinib.svg
12,Alisertib,AURKA,2,518.1,5.7,105.9,7,2,6,COc1cccc(c1C2=NCc3cnc(nc3-c4c2cc(cc4)Cl)Nc5ccc(c(c5)OC)C(=O)O)F,ZLHFILGSQDJULK-UHFFFAOYSA-N,CHEMBL483158,http://www.icoa.fr/pkidb/static/img/mol/Alisertib.svg
13,Allitinib,ERBB2,1,448.1,5.9,76.1,5,2,7,C=CC(=O)Nc1ccc2c(c1)c(ncn2)Nc3ccc(c(c3)Cl)OCc4cccc(c4)F,MVZGYPSXNDCANY-UHFFFAOYSA-N,CHEMBL1947204,http://www.icoa.fr/pkidb/static/img/mol/Allitinib.svg
14,Allitinib,EGFR,1,448.1,5.9,76.1,5,2,7,C=CC(=O)Nc1ccc2c(c1)c(ncn2)Nc3ccc(c(c3)Cl)OCc4cccc(c4)F,MVZGYPSXNDCANY-UHFFFAOYSA-N,CHEMBL1947204,http://www.icoa.fr/pkidb/static/img/mol/Allitinib.svg
15,Alpelisib,PIK3CA,0,441.1,3.8,101.2,5,2,4,Cc1c(sc(n1)NC(=O)N2CCC[C@H]2C(=O)N)c3ccnc(c3)C(C)(C)C(F)(F)F,STUWGJZDJHPWGZ-LBPRGKRZSA-N,CHEMBL2396661,http://www.icoa.fr/pkidb/static/img/mol/Alpelisib.svg
16,Altiratinib,MET,1,510.2,5,109.4,5,3,8,c1cc(ccc1NC(=O)C2(CC2)C(=O)Nc3cc(c(cc3F)Oc4ccnc(c4)NC(=O)C5CC5)F)F,GNNDEPIMDAZHRQ-UHFFFAOYSA-N,CHEMBL3545365,http://www.icoa.fr/pkidb/static/img/mol/Altiratinib.svg
17,Altiratinib,TEK,1,510.2,5,109.4,5,3,8,c1cc(ccc1NC(=O)C2(CC2)C(=O)Nc3cc(c(cc3F)Oc4ccnc(c4)NC(=O)C5CC5)F)F,GNNDEPIMDAZHRQ-UHFFFAOYSA-N,CHEMBL3545365,http://www.icoa.fr/pkidb/static/img/mol/Altiratinib.svg
18,Altiratinib,KDR,1,510.2,5,109.4,5,3,8,c1cc(ccc1NC(=O)C2(CC2)C(=O)Nc3cc(c(cc3F)Oc4ccnc(c4)NC(=O)C5CC5)F)F,GNNDEPIMDAZHRQ-UHFFFAOYSA-N,CHEMBL3545365,http://www.icoa.fr/pkidb/static/img/mol/Altiratinib.svg
19,Altiratinib,NTRK1,1,510.2,5,109.4,5,3,8,c1cc(ccc1NC(=O)C2(CC2)C(=O)Nc3cc(c(cc3F)Oc4ccnc(c4)NC(=O)C5CC5)F)F,GNNDEPIMDAZHRQ-UHFFFAOYSA-N,CHEMBL3545365,http://www.icoa.fr/pkidb/static/img/mol/Altiratinib.svg
20,Amcasertib,PDGFRA,2,539.2,6,90.1,5,3,9,CCN(CC)CCNC(=O)c1c(c([nH]c1C)/C=C/c3cc(ccc3NC2=O)c4csc(n4)c5ccccc5)C,QDWKGEFGLQMDAM-ULJHMMPZSA-N,CHEMBL3707349,http://www.icoa.fr/pkidb/static/img/mol/Amcasertib.svg
21,Amuvatinib,KIT,0,447.1,3.3,75.9,7,1,3,c1ccc2c(c1)c3c(o2)c(ncn3)N4CCN(CC4)C(=S)NCc5ccc6c(c5)OCO6,FOFDIMHVKGYHRU-UHFFFAOYSA-N,CHEMBL2103851,http://www.icoa.fr/pkidb/static/img/mol/Amuvatinib.svg
22,Amuvatinib,MET,0,447.1,3.3,75.9,7,1,3,c1ccc2c(c1)c3c(o2)c(ncn3)N4CCN(CC4)C(=S)NCc5ccc6c(c5)OCO6,FOFDIMHVKGYHRU-UHFFFAOYSA-N,CHEMBL2103851,http://www.icoa.fr/pkidb/static/img/mol/Amuvatinib.svg
23,Amuvatinib,RET,0,447.1,3.3,75.9,7,1,3,c1ccc2c(c1)c3c(o2)c(ncn3)N4CCN(CC4)C(=S)NCc5ccc6c(c5)OCO6,FOFDIMHVKGYHRU-UHFFFAOYSA-N,CHEMBL2103851,http://www.icoa.fr/pkidb/static/img/mol/Amuvatinib.svg
24,Amuvatinib,FLT3,0,447.1,3.3,75.9,7,1,3,c1ccc2c(c1)c3c(o2)c(ncn3)N4CCN(CC4)C(=S)NCc5ccc6c(c5)OCO6,FOFDIMHVKGYHRU-UHFFFAOYSA-N,CHEMBL2103851,http://www.icoa.fr/pkidb/static/img/mol/Amuvatinib.svg
25,Amuvatinib,PDGFRB,0,447.1,3.3,75.9,7,1,3,c1ccc2c(c1)c3c(o2)c(ncn3)N4CCN(CC4)C(=S)NCc5ccc6c(c5)OCO6,FOFDIMHVKGYHRU-UHFFFAOYSA-N,CHEMBL2103851,http://www.icoa.fr/pkidb/static/img/mol/Amuvatinib.svg
26,Apitolisib,PIK3CA,1,498.2,0.9,133.8,11,2,5,Cc1c(sc2c1nc(nc2N3CCOCC3)c4cnc(nc4)N)CN5CCN(CC5)C(=O)[C@H](C)O,YOVVNQKCSKSHKT-HNNXBMFYSA-N,CHEMBL1922094,http://www.icoa.fr/pkidb/static/img/mol/Apitolisib.svg
27,Apitolisib,MTOR,1,498.2,0.9,133.8,11,2,5,Cc1c(sc2c1nc(nc2N3CCOCC3)c4cnc(nc4)N)CN5CCN(CC5)C(=O)[C@H](C)O,YOVVNQKCSKSHKT-HNNXBMFYSA-N,CHEMBL1922094,http://www.icoa.fr/pkidb/static/img/mol/Apitolisib.svg
28,Axitinib,FLT1,0,386.1,4.6,70.7,4,2,5,CNC(=O)c1ccccc1Sc2ccc3c(c2)[nH]nc3/C=C/c4ccccn4,RITAVMQDGBJQJZ-FMIVXFBMSA-N,CHEMBL1289926,http://www.icoa.fr/pkidb/static/img/mol/Axitinib.svg
29,Axitinib,KDR,0,386.1,4.6,70.7,4,2,5,CNC(=O)c1ccccc1Sc2ccc3c(c2)[nH]nc3/C=C/c4ccccn4,RITAVMQDGBJQJZ-FMIVXFBMSA-N,CHEMBL1289926,http://www.icoa.fr/pkidb/static/img/mol/Axitinib.svg
30,Axitinib,FLT4,0,386.1,4.6,70.7,4,2,5,CNC(=O)c1ccccc1Sc2ccc3c(c2)[nH]nc3/C=C/c4ccccn4,RITAVMQDGBJQJZ-FMIVXFBMSA-N,CHEMBL1289926,http://www.icoa.fr/pkidb/static/img/mol/Axitinib.svg
31,Bafetinib,LYN,2,576.3,5.4,99.2,8,2,8,Cc1ccc(cc1Nc2nccc(n2)c3cncnc3)NC(=O)c4ccc(c(c4)C(F)(F)F)CN5CC[C@@H](C5)N(C)C,ZGBAJMQHJDFTQJ-DEOSSOPVSA-N,CHEMBL206834,http://www.icoa.fr/pkidb/static/img/mol/Bafetinib.svg
32,Bafetinib,ABL1,2,576.3,5.4,99.2,8,2,8,Cc1ccc(cc1Nc2nccc(n2)c3cncnc3)NC(=O)c4ccc(c(c4)C(F)(F)F)CN5CC[C@@H](C5)N(C)C,ZGBAJMQHJDFTQJ-DEOSSOPVSA-N,CHEMBL206834,http://www.icoa.fr/pkidb/static/img/mol/Bafetinib.svg
33,Balamapimod,RAF1,2,573.2,6.5,82.2,9,1,7,Cn1ccnc1Sc2ccc(cc2Cl)Nc3c4cc(c(cc4ncc3C#N)N5CCC(CC5)N6CCCC6)OC,CVAKNHIXTWLGJO-UHFFFAOYSA-N,CHEMBL2104954,http://www.icoa.fr/pkidb/static/img/mol/Balamapimod.svg
34,Balamapimod,MAP2K1,2,573.2,6.5,82.2,9,1,7,Cn1ccnc1Sc2ccc(cc2Cl)Nc3c4cc(c(cc4ncc3C#N)N5CCC(CC5)N6CCCC6)OC,CVAKNHIXTWLGJO-UHFFFAOYSA-N,CHEMBL2104954,http://www.icoa.fr/pkidb/static/img/mol/Balamapimod.svg
35,Balamapimod,MAP2K2,2,573.2,6.5,82.2,9,1,7,Cn1ccnc1Sc2ccc(cc2Cl)Nc3c4cc(c(cc4ncc3C#N)N5CCC(CC5)N6CCCC6)OC,CVAKNHIXTWLGJO-UHFFFAOYSA-N,CHEMBL2104954,http://www.icoa.fr/pkidb/static/img/mol/Balamapimod.svg
36,Barasertib,AURKB,1,587.2,3.6,174.8,9,5,15,CCN(CCCOc1ccc2c(c1)ncnc2Nc3cc(n[nH]3)CC(=O)Nc4cccc(c4)F)CCOP(=O)(O)O,GBJVVSCPOBPEIT-UHFFFAOYSA-N,CHEMBL415049,http://www.icoa.fr/pkidb/static/img/mol/Barasertib.svg
37,Baricitinib,JAK1,0,371.1,1.1,120.6,7,1,5,CCS(=O)(=O)N1CC(C1)(CC#N)n2cc(cn2)c3c4cc[nH]c4ncn3,XUZMWHLSFXCVMG-UHFFFAOYSA-N,CHEMBL2105759,http://www.icoa.fr/pkidb/static/img/mol/Baricitinib.svg
38,Baricitinib,JAK2,0,371.1,1.1,120.6,7,1,5,CCS(=O)(=O)N1CC(C1)(CC#N)n2cc(cn2)c3c4cc[nH]c4ncn3,XUZMWHLSFXCVMG-UHFFFAOYSA-N,CHEMBL2105759,http://www.icoa.fr/pkidb/static/img/mol/Baricitinib.svg
39,Bemcentinib,AXL,1,506.3,4.9,97.8,8,2,4,c1ccc-2c(c1)CCCc3c2nnc(c3)n4c(nc(n4)Nc5ccc6c(c5)CC[C@H](CC6)N7CCCC7)N,KXMZDGSRSGHMMK-VWLOTQADSA-N,CHEMBL3809489,http://www.icoa.fr/pkidb/static/img/mol/Bemcentinib.svg
40,Bentamapimod,MAPK8,0,457.2,4.2,84.2,8,0,7,N#CC(c1nc2ccccc2s1)c5nc(OCc3ccc(cc3)CN4CCOCC4)ncc5,XCPPIJCBCWUBNT-UHFFFAOYSA-N,CHEMBL3545213,http://www.icoa.fr/pkidb/static/img/mol/Bentamapimod.svg
41,Bentamapimod,MAPK9,0,457.2,4.2,84.2,8,0,7,N#CC(c1nc2ccccc2s1)c5nc(OCc3ccc(cc3)CN4CCOCC4)ncc5,XCPPIJCBCWUBNT-UHFFFAOYSA-N,CHEMBL3545213,http://www.icoa.fr/pkidb/static/img/mol/Bentamapimod.svg
42,Binimetinib,MAP2K1,0,440,3,88.4,6,3,6,Cn1cnc2c1cc(c(c2F)Nc3ccc(cc3F)Br)C(=O)NOCCO,ACWZRVQXLIRSDF-UHFFFAOYSA-N,CHEMBL3187723,http://www.icoa.fr/pkidb/static/img/mol/Binimetinib.svg
43,Bosutinib,BCR,2,529.2,5.2,82.9,8,1,9,CN1CCN(CC1)CCCOc2cc3c(cc2OC)c(c(cn3)C#N)Nc4cc(c(cc4Cl)Cl)OC,UBPYILGKFZZVDX-UHFFFAOYSA-N,CHEMBL288441,http://www.icoa.fr/pkidb/static/img/mol/Bosutinib.svg
44,Bosutinib,ABL1,2,529.2,5.2,82.9,8,1,9,CN1CCN(CC1)CCCOc2cc3c(cc2OC)c(c(cn3)C#N)Nc4cc(c(cc4Cl)Cl)OC,UBPYILGKFZZVDX-UHFFFAOYSA-N,CHEMBL288441,http://www.icoa.fr/pkidb/static/img/mol/Bosutinib.svg
45,Bosutinib,LYN,2,529.2,5.2,82.9,8,1,9,CN1CCN(CC1)CCCOc2cc3c(cc2OC)c(c(cn3)C#N)Nc4cc(c(cc4Cl)Cl)OC,UBPYILGKFZZVDX-UHFFFAOYSA-N,CHEMBL288441,http://www.icoa.fr/pkidb/static/img/mol/Bosutinib.svg
46,Bosutinib,HCK,2,529.2,5.2,82.9,8,1,9,CN1CCN(CC1)CCCOc2cc3c(cc2OC)c(c(cn3)C#N)Nc4cc(c(cc4Cl)Cl)OC,UBPYILGKFZZVDX-UHFFFAOYSA-N,CHEMBL288441,http://www.icoa.fr/pkidb/static/img/mol/Bosutinib.svg
47,Bosutinib,SRC,2,529.2,5.2,82.9,8,1,9,CN1CCN(CC1)CCCOc2cc3c(cc2OC)c(c(cn3)C#N)Nc4cc(c(cc4Cl)Cl)OC,UBPYILGKFZZVDX-UHFFFAOYSA-N,CHEMBL288441,http://www.icoa.fr/pkidb/static/img/mol/Bosutinib.svg
48,Bosutinib,CDK2,2,529.2,5.2,82.9,8,1,9,CN1CCN(CC1)CCCOc2cc3c(cc2OC)c(c(cn3)C#N)Nc4cc(c(cc4Cl)Cl)OC,UBPYILGKFZZVDX-UHFFFAOYSA-N,CHEMBL288441,http://www.icoa.fr/pkidb/static/img/mol/Bosutinib.svg
49,Bosutinib,MAP2K1,2,529.2,5.2,82.9,8,1,9,CN1CCN(CC1)CCCOc2cc3c(cc2OC)c(c(cn3)C#N)Nc4cc(c(cc4Cl)Cl)OC,UBPYILGKFZZVDX-UHFFFAOYSA-N,CHEMBL288441,http://www.icoa.fr/pkidb/static/img/mol/Bosutinib.svg
50,Bosutinib,MAP2K2,2,529.2,5.2,82.9,8,1,9,CN1CCN(CC1)CCCOc2cc3c(cc2OC)c(c(cn3)C#N)Nc4cc(c(cc4Cl)Cl)OC,UBPYILGKFZZVDX-UHFFFAOYSA-N,CHEMBL288441,http://www.icoa.fr/pkidb/static/img/mol/Bosutinib.svg
51,Bosutinib,MAP3K2,2,529.2,5.2,82.9,8,1,9,CN1CCN(CC1)CCCOc2cc3c(cc2OC)c(c(cn3)C#N)Nc4cc(c(cc4Cl)Cl)OC,UBPYILGKFZZVDX-UHFFFAOYSA-N,CHEMBL288441,http://www.icoa.fr/pkidb/static/img/mol/Bosutinib.svg
52,Bosutinib,CAMK2G,2,529.2,5.2,82.9,8,1,9,CN1CCN(CC1)CCCOc2cc3c(cc2OC)c(c(cn3)C#N)Nc4cc(c(cc4Cl)Cl)OC,UBPYILGKFZZVDX-UHFFFAOYSA-N,CHEMBL288441,http://www.icoa.fr/pkidb/static/img/mol/Bosutinib.svg
53,Brigatinib,ALK,2,583.3,5.1,85.9,9,2,8,CN1CCN(CC1)C2CCN(CC2)c3ccc(c(c3)OC)Nc4ncc(c(n4)Nc5ccccc5P(=O)(C)C)Cl,AILRADAXUVEEIR-UHFFFAOYSA-N,CHEMBL3545311,http://www.icoa.fr/pkidb/static/img/mol/Brigatinib.svg
54,Brigatinib,EGFR,2,583.3,5.1,85.9,9,2,8,CN1CCN(CC1)C2CCN(CC2)c3ccc(c(c3)OC)Nc4ncc(c(n4)Nc5ccccc5P(=O)(C)C)Cl,AILRADAXUVEEIR-UHFFFAOYSA-N,CHEMBL3545311,http://www.icoa.fr/pkidb/static/img/mol/Brigatinib.svg
55,Brivanib,KDR,0,370.1,3.5,84.7,6,2,5,Cc1cc2c([nH]1)ccc(c2F)Oc3c4c(c(cn4ncn3)OC[C@@H](C)O)C,WCWUXEGQKLTGDX-LLVKDONJSA-N,CHEMBL377300,http://www.icoa.fr/pkidb/static/img/mol/Brivanib.svg
56,Buparlisib,PIK3CA,0,410.2,1.8,89.6,8,1,3,c1c(c(cnc1N)c2cc(nc(n2)N3CCOCC3)N4CCOCC4)C(F)(F)F,CWHUFRVAEUJCEF-UHFFFAOYSA-N,CHEMBL2017974,http://www.icoa.fr/pkidb/static/img/mol/Buparlisib.svg
57,Cabozantinib,MET,2,501.2,5.5,98.8,6,2,8,COc1cc2c(ccnc2cc1OC)Oc3ccc(cc3)NC(=O)C4(CC4)C(=O)Nc5ccc(cc5)F,ONIQOQHATWINJY-UHFFFAOYSA-N,CHEMBL2105717,http://www.icoa.fr/pkidb/static/img/mol/Cabozantinib.svg
58,Cabozantinib,KDR,2,501.2,5.5,98.8,6,2,8,COc1cc2c(ccnc2cc1OC)Oc3ccc(cc3)NC(=O)C4(CC4)C(=O)Nc5ccc(cc5)F,ONIQOQHATWINJY-UHFFFAOYSA-N,CHEMBL2105717,http://www.icoa.fr/pkidb/static/img/mol/Cabozantinib.svg
59,Cabozantinib,RET,2,501.2,5.5,98.8,6,2,8,COc1cc2c(ccnc2cc1OC)Oc3ccc(cc3)NC(=O)C4(CC4)C(=O)Nc5ccc(cc5)F,ONIQOQHATWINJY-UHFFFAOYSA-N,CHEMBL2105717,http://www.icoa.fr/pkidb/static/img/mol/Cabozantinib.svg
60,Canertinib,EGFR,0,485.2,4.4,88.6,7,2,9,C=CC(=O)Nc1cc2c(cc1OCCCN3CCOCC3)ncnc2Nc4ccc(c(c4)Cl)F,OMZCMEYTWSXEPZ-UHFFFAOYSA-N,CHEMBL31965,http://www.icoa.fr/pkidb/static/img/mol/Canertinib.svg
61,Capivasertib,AKT1,0,428.2,2.1,120.2,6,4,6,c1cc(ccc1[C@H](CCO)NC(=O)C2(CCN(CC2)c3c4cc[nH]c4ncn3)N)Cl,JDUBGYFRJFOXQC-KRWDZBQOSA-N,CHEMBL2325741,http://www.icoa.fr/pkidb/static/img/mol/Capivasertib.svg
62,Capmatinib,MET,0,412.1,3.4,85.1,6,1,4,CNC(=O)c1ccc(cc1F)c2cnc3ncc(n3n2)Cc4ccc5c(c4)cccn5,LIOLIMKSCNQPLV-UHFFFAOYSA-N,CHEMBL3188267,http://www.icoa.fr/pkidb/static/img/mol/Capmatinib.svg
63,Cediranib,KDR,1,450.2,5.2,72.5,6,1,8,Cc1cc2c([nH]1)ccc(c2F)Oc3c4cc(c(cc4ncn3)OCCCN5CCCC5)OC,XXJWYDDUDKYVKI-UHFFFAOYSA-N,CHEMBL491473,http://www.icoa.fr/pkidb/static/img/mol/Cediranib.svg
64,Cenisertib,AURKA,0,451.2,2.5,99.4,7,3,6,Cc1cc(ccc1N2CCN(CC2)C)Nc3ncc(c(n3)N[C@@H]4[C@@H]5C[C@H]([C@@H]4C(=O)N)C=C5)F,KSOVGRCOLZZTPF-QMKUDKLTSA-N,CHEMBL1614709,http://www.icoa.fr/pkidb/static/img/mol/Cenisertib.svg
65,Cenisertib,AURKB,0,451.2,2.5,99.4,7,3,6,Cc1cc(ccc1N2CCN(CC2)C)Nc3ncc(c(n3)N[C@@H]4[C@@H]5C[C@H]([C@@H]4C(=O)N)C=C5)F,KSOVGRCOLZZTPF-QMKUDKLTSA-N,CHEMBL1614709,http://www.icoa.fr/pkidb/static/img/mol/Cenisertib.svg
66,Cenisertib,AURKC,0,451.2,2.5,99.4,7,3,6,Cc1cc(ccc1N2CCN(CC2)C)Nc3ncc(c(n3)N[C@@H]4[C@@H]5C[C@H]([C@@H]4C(=O)N)C=C5)F,KSOVGRCOLZZTPF-QMKUDKLTSA-N,CHEMBL1614709,http://www.icoa.fr/pkidb/static/img/mol/Cenisertib.svg
67,Cerdulatinib,JAK1,0,445.2,1.4,133.6,8,3,8,CCS(=O)(=O)N1CCN(CC1)c2ccc(cc2)Nc3ncc(c(n3)NC4CC4)C(=O)N,BGLPECHZZQDNCD-UHFFFAOYSA-N,CHEMBL4116008,http://www.icoa.fr/pkidb/static/img/mol/Cerdulatinib.svg
68,Cerdulatinib,SYK,0,445.2,1.4,133.6,8,3,8,CCS(=O)(=O)N1CCN(CC1)c2ccc(cc2)Nc3ncc(c(n3)NC4CC4)C(=O)N,BGLPECHZZQDNCD-UHFFFAOYSA-N,CHEMBL4116008,http://www.icoa.fr/pkidb/static/img/mol/Cerdulatinib.svg
69,Ceritinib,ALK,2,557.2,6.4,105.2,8,3,9,Cc1cc(c(cc1C2CCNCC2)OC(C)C)Nc3ncc(c(n3)Nc4ccccc4S(=O)(=O)C(C)C)Cl,VERWOWGGCGHDQE-UHFFFAOYSA-N,CHEMBL2403108,http://www.icoa.fr/pkidb/static/img/mol/Ceritinib.svg
70,Cobimetinib,MAP2K1,1,531.1,3.8,64.6,4,3,4,c1c(cc(c(c1)Nc2c(c(ccc2C(=O)N3C[C@@](C3)(O)[C@H]4NCCCC4)F)F)F)I,BSMCAPRUBJMWDF-KRWDZBQOSA-N,CHEMBL2146883,http://www.icoa.fr/pkidb/static/img/mol/Cobimetinib.svg
71,Copanlisib,PIK3CA,1,480.2,0.7,139.8,11,2,7,COc1c(ccc2c1N=C(N3C2=NCC3)NC(=O)c4cnc(nc4)N)OCCCN5CCOCC5,PZBCKZWLPGJMAO-UHFFFAOYSA-N,CHEMBL3218576,http://www.icoa.fr/pkidb/static/img/mol/Copanlisib.svg
72,Copanlisib,PIK3CB,1,480.2,0.7,139.8,11,2,7,COc1c(ccc2c1N=C(N3C2=NCC3)NC(=O)c4cnc(nc4)N)OCCCN5CCOCC5,PZBCKZWLPGJMAO-UHFFFAOYSA-N,CHEMBL3218576,http://www.icoa.fr/pkidb/static/img/mol/Copanlisib.svg
73,Crenolanib,FLT3,0,443.2,3.9,78.4,7,1,5,CC1(COC1)COc2ccc3c(c2)ncn3c4ccc5cccc(c5n4)N6CCC(CC6)N,DYNHJHQFHQTFTP-UHFFFAOYSA-N,CHEMBL2105728,http://www.icoa.fr/pkidb/static/img/mol/Crenolanib.svg
74,Crenolanib,PDGFRA,0,443.2,3.9,78.4,7,1,5,CC1(COC1)COc2ccc3c(c2)ncn3c4ccc5cccc(c5n4)N6CCC(CC6)N,DYNHJHQFHQTFTP-UHFFFAOYSA-N,CHEMBL2105728,http://www.icoa.fr/pkidb/static/img/mol/Crenolanib.svg
75,Crenolanib,PDGFRB,0,443.2,3.9,78.4,7,1,5,CC1(COC1)COc2ccc3c(c2)ncn3c4ccc5cccc(c5n4)N6CCC(CC6)N,DYNHJHQFHQTFTP-UHFFFAOYSA-N,CHEMBL2105728,http://www.icoa.fr/pkidb/static/img/mol/Crenolanib.svg
76,Crizotinib,ALK,1,449.1,5,78,6,2,5,C[C@H](c1c(ccc(c1Cl)F)Cl)Oc2cc(cnc2N)c3cnn(c3)C4CCNCC4,KTEIFNKAUNYNJU-GFCCVEGCSA-N,CHEMBL601719,http://www.icoa.fr/pkidb/static/img/mol/Crizotinib.svg
77,Crizotinib,MET,1,449.1,5,78,6,2,5,C[C@H](c1c(ccc(c1Cl)F)Cl)Oc2cc(cnc2N)c3cnn(c3)C4CCNCC4,KTEIFNKAUNYNJU-GFCCVEGCSA-N,CHEMBL601719,http://www.icoa.fr/pkidb/static/img/mol/Crizotinib.svg
78,Dabrafenib,BRAF,2,519.1,5.4,110.9,7,2,5,CC(C)(C)c1nc(c(s1)c2ccnc(n2)N)c3cccc(c3F)NS(=O)(=O)c4c(cccc4F)F,BFSMGDJOXZAERB-UHFFFAOYSA-N,CHEMBL2028663,http://www.icoa.fr/pkidb/static/img/mol/Dabrafenib.svg
79,Dabrafenib,RAF1,2,519.1,5.4,110.9,7,2,5,CC(C)(C)c1nc(c(s1)c2ccnc(n2)N)c3cccc(c3F)NS(=O)(=O)c4c(cccc4F)F,BFSMGDJOXZAERB-UHFFFAOYSA-N,CHEMBL2028663,http://www.icoa.fr/pkidb/static/img/mol/Dabrafenib.svg
80,Dabrafenib,SIK1,2,519.1,5.4,110.9,7,2,5,CC(C)(C)c1nc(c(s1)c2ccnc(n2)N)c3cccc(c3F)NS(=O)(=O)c4c(cccc4F)F,BFSMGDJOXZAERB-UHFFFAOYSA-N,CHEMBL2028663,http://www.icoa.fr/pkidb/static/img/mol/Dabrafenib.svg
81,Dabrafenib,NEK11,2,519.1,5.4,110.9,7,2,5,CC(C)(C)c1nc(c(s1)c2ccnc(n2)N)c3cccc(c3F)NS(=O)(=O)c4c(cccc4F)F,BFSMGDJOXZAERB-UHFFFAOYSA-N,CHEMBL2028663,http://www.icoa.fr/pkidb/static/img/mol/Dabrafenib.svg
82,Dabrafenib,LIMK1,2,519.1,5.4,110.9,7,2,5,CC(C)(C)c1nc(c(s1)c2ccnc(n2)N)c3cccc(c3F)NS(=O)(=O)c4c(cccc4F)F,BFSMGDJOXZAERB-UHFFFAOYSA-N,CHEMBL2028663,http://www.icoa.fr/pkidb/static/img/mol/Dabrafenib.svg
83,Dacomitinib,EGFR,1,469.2,5.2,79.4,6,2,7,COc1cc2c(cc1NC(=O)/C=C/CN3CCCCC3)c(ncn2)Nc4ccc(c(c4)Cl)F,LVXJQMNHJWSHET-AATRIKPKSA-N,CHEMBL2110732,http://www.icoa.fr/pkidb/static/img/mol/Dacomitinib.svg
84,Dactolisib,PIK3CA,1,469.2,5.9,76.5,6,0,3,CC(C)(C#N)c1ccc(cc1)n2c3c4cc(ccc4ncc3n(c2=O)C)c5cc6ccccc6nc5,JOGKUKXHTYWRGZ-UHFFFAOYSA-N,CHEMBL1879463,http://www.icoa.fr/pkidb/static/img/mol/Dactolisib.svg
85,Dactolisib,PIK3CB,1,469.2,5.9,76.5,6,0,3,CC(C)(C#N)c1ccc(cc1)n2c3c4cc(ccc4ncc3n(c2=O)C)c5cc6ccccc6nc5,JOGKUKXHTYWRGZ-UHFFFAOYSA-N,CHEMBL1879463,http://www.icoa.fr/pkidb/static/img/mol/Dactolisib.svg
86,Dactolisib,PIK3CG,1,469.2,5.9,76.5,6,0,3,CC(C)(C#N)c1ccc(cc1)n2c3c4cc(ccc4ncc3n(c2=O)C)c5cc6ccccc6nc5,JOGKUKXHTYWRGZ-UHFFFAOYSA-N,CHEMBL1879463,http://www.icoa.fr/pkidb/static/img/mol/Dactolisib.svg
87,Dactolisib,PIK3CD,1,469.2,5.9,76.5,6,0,3,CC(C)(C#N)c1ccc(cc1)n2c3c4cc(ccc4ncc3n(c2=O)C)c5cc6ccccc6nc5,JOGKUKXHTYWRGZ-UHFFFAOYSA-N,CHEMBL1879463,http://www.icoa.fr/pkidb/static/img/mol/Dactolisib.svg
88,Dactolisib,MTOR,1,469.2,5.9,76.5,6,0,3,CC(C)(C#N)c1ccc(cc1)n2c3c4cc(ccc4ncc3n(c2=O)C)c5cc6ccccc6nc5,JOGKUKXHTYWRGZ-UHFFFAOYSA-N,CHEMBL1879463,http://www.icoa.fr/pkidb/static/img/mol/Dactolisib.svg
89,Danusertib,AURKA,0,474.2,2.6,93.8,6,2,6,CN1CCN(CC1)c2ccc(cc2)C(=O)Nc3c4c([nH]n3)CN(C4)C(=O)[C@@H](c5ccccc5)OC,XKFTZKGMDDZMJI-HSZRJFAPSA-N,CHEMBL402548,http://www.icoa.fr/pkidb/static/img/mol/Danusertib.svg
90,Danusertib,AURKB,0,474.2,2.6,93.8,6,2,6,CN1CCN(CC1)c2ccc(cc2)C(=O)Nc3c4c([nH]n3)CN(C4)C(=O)[C@@H](c5ccccc5)OC,XKFTZKGMDDZMJI-HSZRJFAPSA-N,CHEMBL402548,http://www.icoa.fr/pkidb/static/img/mol/Danusertib.svg
91,Danusertib,AURKC,0,474.2,2.6,93.8,6,2,6,CN1CCN(CC1)c2ccc(cc2)C(=O)Nc3c4c([nH]n3)CN(C4)C(=O)[C@@H](c5ccccc5)OC,XKFTZKGMDDZMJI-HSZRJFAPSA-N,CHEMBL402548,http://www.icoa.fr/pkidb/static/img/mol/Danusertib.svg
92,Dasatinib,ABL1,0,487.2,3.3,106.5,9,3,7,Cc1cccc(c1NC(=O)c2cnc(s2)Nc3cc(nc(n3)C)N4CCN(CC4)CCO)Cl,ZBNZXTGUTAYRHI-UHFFFAOYSA-N,CHEMBL1421,http://www.icoa.fr/pkidb/static/img/mol/Dasatinib.svg
93,Dasatinib,SRC,0,487.2,3.3,106.5,9,3,7,Cc1cccc(c1NC(=O)c2cnc(s2)Nc3cc(nc(n3)C)N4CCN(CC4)CCO)Cl,ZBNZXTGUTAYRHI-UHFFFAOYSA-N,CHEMBL1421,http://www.icoa.fr/pkidb/static/img/mol/Dasatinib.svg
94,Dasatinib,EPHA2,0,487.2,3.3,106.5,9,3,7,Cc1cccc(c1NC(=O)c2cnc(s2)Nc3cc(nc(n3)C)N4CCN(CC4)CCO)Cl,ZBNZXTGUTAYRHI-UHFFFAOYSA-N,CHEMBL1421,http://www.icoa.fr/pkidb/static/img/mol/Dasatinib.svg
95,Dasatinib,LCK,0,487.2,3.3,106.5,9,3,7,Cc1cccc(c1NC(=O)c2cnc(s2)Nc3cc(nc(n3)C)N4CCN(CC4)CCO)Cl,ZBNZXTGUTAYRHI-UHFFFAOYSA-N,CHEMBL1421,http://www.icoa.fr/pkidb/static/img/mol/Dasatinib.svg
96,Dasatinib,YES1,0,487.2,3.3,106.5,9,3,7,Cc1cccc(c1NC(=O)c2cnc(s2)Nc3cc(nc(n3)C)N4CCN(CC4)CCO)Cl,ZBNZXTGUTAYRHI-UHFFFAOYSA-N,CHEMBL1421,http://www.icoa.fr/pkidb/static/img/mol/Dasatinib.svg
97,Dasatinib,KIT,0,487.2,3.3,106.5,9,3,7,Cc1cccc(c1NC(=O)c2cnc(s2)Nc3cc(nc(n3)C)N4CCN(CC4)CCO)Cl,ZBNZXTGUTAYRHI-UHFFFAOYSA-N,CHEMBL1421,http://www.icoa.fr/pkidb/static/img/mol/Dasatinib.svg
98,Dasatinib,PDGFRB,0,487.2,3.3,106.5,9,3,7,Cc1cccc(c1NC(=O)c2cnc(s2)Nc3cc(nc(n3)C)N4CCN(CC4)CCO)Cl,ZBNZXTGUTAYRHI-UHFFFAOYSA-N,CHEMBL1421,http://www.icoa.fr/pkidb/static/img/mol/Dasatinib.svg
99,Dasatinib,ABL2,0,487.2,3.3,106.5,9,3,7,Cc1cccc(c1NC(=O)c2cnc(s2)Nc3cc(nc(n3)C)N4CCN(CC4)CCO)Cl,ZBNZXTGUTAYRHI-UHFFFAOYSA-N,CHEMBL1421,http://www.icoa.fr/pkidb/static/img/mol/Dasatinib.svg
100,Dasatinib,FYN,0,487.2,3.3,106.5,9,3,7,Cc1cccc(c1NC(=O)c2cnc(s2)Nc3cc(nc(n3)C)N4CCN(CC4)CCO)Cl,ZBNZXTGUTAYRHI-UHFFFAOYSA-N,CHEMBL1421,http://www.icoa.fr/pkidb/static/img/mol/Dasatinib.svg
101,Decernotinib,JAK3,0,392.2,3.3,95.6,5,3,6,CC[C@](C)(C(=O)NCC(F)(F)F)Nc1ccnc(n1)c2c[nH]c3c2cccn3,ASUGUQWIHMTFJL-QGZVFWFLSA-N,CHEMBL3039513,http://www.icoa.fr/pkidb/static/img/mol/Decernotinib.svg
102,Defactinib,PTK2,1,510.1,2.4,142.1,9,3,8,CNC(=O)c1ccc(cc1)Nc2ncc(c(n2)NCc3c(nccn3)N(C)S(=O)(=O)C)C(F)(F)F,FWLMVFUGMHIOAA-UHFFFAOYSA-N,CHEMBL3137331,http://www.icoa.fr/pkidb/static/img/mol/Defactinib.svg
103,Defactinib,PTK2B,1,510.1,2.4,142.1,9,3,8,CNC(=O)c1ccc(cc1)Nc2ncc(c(n2)NCc3c(nccn3)N(C)S(=O)(=O)C)C(F)(F)F,FWLMVFUGMHIOAA-UHFFFAOYSA-N,CHEMBL3137331,http://www.icoa.fr/pkidb/static/img/mol/Defactinib.svg
104,Dilmapimod,MAPK14,0,456.1,2.9,100.3,7,3,6,Cc1cc(ccc1c2c3ccc(=O)n(c3nc(n2)NC(CO)CO)c4c(cccc4F)F)F,ORVNHOYNEHYKJG-UHFFFAOYSA-N,CHEMBL2103838,http://www.icoa.fr/pkidb/static/img/mol/Dilmapimod.svg
105,Dilmapimod,MAPK11,0,456.1,2.9,100.3,7,3,6,Cc1cc(ccc1c2c3ccc(=O)n(c3nc(n2)NC(CO)CO)c4c(cccc4F)F)F,ORVNHOYNEHYKJG-UHFFFAOYSA-N,CHEMBL2103838,http://www.icoa.fr/pkidb/static/img/mol/Dilmapimod.svg
106,Dilmapimod,MAPK13,0,456.1,2.9,100.3,7,3,6,Cc1cc(ccc1c2c3ccc(=O)n(c3nc(n2)NC(CO)CO)c4c(cccc4F)F)F,ORVNHOYNEHYKJG-UHFFFAOYSA-N,CHEMBL2103838,http://www.icoa.fr/pkidb/static/img/mol/Dilmapimod.svg
107,Dilmapimod,MAPK12,0,456.1,2.9,100.3,7,3,6,Cc1cc(ccc1c2c3ccc(=O)n(c3nc(n2)NC(CO)CO)c4c(cccc4F)F)F,ORVNHOYNEHYKJG-UHFFFAOYSA-N,CHEMBL2103838,http://www.icoa.fr/pkidb/static/img/mol/Dilmapimod.svg
108,Dinaciclib,CDK4,0,396.2,2.3,92.6,7,2,7,CCc1cnn2c1nc(cc2NCc3ccc[n+](c3)[O-])N4CCCC[C@H]4CCO,PIMQWRZWLQKKBJ-SFHVURJKSA-N,CHEMBL2103840,http://www.icoa.fr/pkidb/static/img/mol/Dinaciclib.svg
109,Dinaciclib,CDK6,0,396.2,2.3,92.6,7,2,7,CCc1cnn2c1nc(cc2NCc3ccc[n+](c3)[O-])N4CCCC[C@H]4CCO,PIMQWRZWLQKKBJ-SFHVURJKSA-N,CHEMBL2103840,http://www.icoa.fr/pkidb/static/img/mol/Dinaciclib.svg
110,Dinaciclib,BRDT,0,396.2,2.3,92.6,7,2,7,CCc1cnn2c1nc(cc2NCc3ccc[n+](c3)[O-])N4CCCC[C@H]4CCO,PIMQWRZWLQKKBJ-SFHVURJKSA-N,CHEMBL2103840,http://www.icoa.fr/pkidb/static/img/mol/Dinaciclib.svg
111,Doramapimod,MAPK14,2,527.3,6,80.7,6,2,7,Cc1ccc(cc1)n2c(cc(n2)C(C)(C)C)NC(=O)Nc3ccc(c4c3cccc4)OCCN5CCOCC5,MVCOAUNKQVWQHZ-UHFFFAOYSA-N,CHEMBL103667,http://www.icoa.fr/pkidb/static/img/mol/Doramapimod.svg
112,Dovitinib,FGFR3,0,392.2,2.5,94,5,3,2,CN1CCN(CC1)c2ccc3c(c2)[nH]c(n3)c4c(c5c(cccc5F)[nH]c4=O)N,PIQCTGMSNWUMAF-UHFFFAOYSA-N,CHEMBL522892,http://www.icoa.fr/pkidb/static/img/mol/Dovitinib.svg
113,Dovitinib,VEGFA,0,392.2,2.5,94,5,3,2,CN1CCN(CC1)c2ccc3c(c2)[nH]c(n3)c4c(c5c(cccc5F)[nH]c4=O)N,PIQCTGMSNWUMAF-UHFFFAOYSA-N,CHEMBL522892,http://www.icoa.fr/pkidb/static/img/mol/Dovitinib.svg
114,Dovitinib,FGFR1,0,392.2,2.5,94,5,3,2,CN1CCN(CC1)c2ccc3c(c2)[nH]c(n3)c4c(c5c(cccc5F)[nH]c4=O)N,PIQCTGMSNWUMAF-UHFFFAOYSA-N,CHEMBL522892,http://www.icoa.fr/pkidb/static/img/mol/Dovitinib.svg
115,Dovitinib,PDGFRA,0,392.2,2.5,94,5,3,2,CN1CCN(CC1)c2ccc3c(c2)[nH]c(n3)c4c(c5c(cccc5F)[nH]c4=O)N,PIQCTGMSNWUMAF-UHFFFAOYSA-N,CHEMBL522892,http://www.icoa.fr/pkidb/static/img/mol/Dovitinib.svg
116,Dovitinib,KIT,0,392.2,2.5,94,5,3,2,CN1CCN(CC1)c2ccc3c(c2)[nH]c(n3)c4c(c5c(cccc5F)[nH]c4=O)N,PIQCTGMSNWUMAF-UHFFFAOYSA-N,CHEMBL522892,http://www.icoa.fr/pkidb/static/img/mol/Dovitinib.svg
117,Dovitinib,CSF1R,0,392.2,2.5,94,5,3,2,CN1CCN(CC1)c2ccc3c(c2)[nH]c(n3)c4c(c5c(cccc5F)[nH]c4=O)N,PIQCTGMSNWUMAF-UHFFFAOYSA-N,CHEMBL522892,http://www.icoa.fr/pkidb/static/img/mol/Dovitinib.svg
118,Duvelisib,PIK3CD,0,416.1,4.5,88.5,6,2,4,C[C@@H](c1cc2cccc(c2c(=O)n1c3ccccc3)Cl)Nc4c5c([nH]cn5)ncn4,SJVQHLPISAIATJ-ZDUSSCGKSA-N,CHEMBL3039502,http://www.icoa.fr/pkidb/static/img/mol/Duvelisib.svg
119,Duvelisib,PIK3CG,0,416.1,4.5,88.5,6,2,4,C[C@@H](c1cc2cccc(c2c(=O)n1c3ccccc3)Cl)Nc4c5c([nH]cn5)ncn4,SJVQHLPISAIATJ-ZDUSSCGKSA-N,CHEMBL3039502,http://www.icoa.fr/pkidb/static/img/mol/Duvelisib.svg
120,Encorafenib,BRAF,1,539.2,3.9,140.1,9,3,9,C[C@@H](CNc1nccc(n1)c2cn(nc2c3cc(cc(c3F)NS(=O)(=O)C)Cl)C(C)C)NC(=O)OC,CMJCXYNUCSMDBY-ZDUSSCGKSA-N,CHEMBL3301612,http://www.icoa.fr/pkidb/static/img/mol/Encorafenib.svg
121,Ensartinib,ALK,1,560.2,4.7,122.5,7,3,6,C[C@@H]1CN(C[C@@H](N1)C)C(=O)c2ccc(cc2)NC(=O)c3cc(c(nn3)N)O[C@H](C)c4c(ccc(c4Cl)F)Cl,GLYMPHUVMRFTFV-QLFBSQMISA-N,CHEMBL4113131,http://www.icoa.fr/pkidb/static/img/mol/Ensartinib.svg
122,Entospletinib,SYK,0,411.2,3.9,83.4,7,2,4,c1cc(ccc1Nc2c3nccn3cc(n2)c4ccc5cn[nH]c5c4)N6CCOCC6,XSMSNFMDVXXHGJ-UHFFFAOYSA-N,CHEMBL3265032,http://www.icoa.fr/pkidb/static/img/mol/Entospletinib.svg
123,Entrectinib,NTRK1,2,560.3,5,85.5,6,3,7,CN1CCN(CC1)c2ccc(c(c2)NC3CCOCC3)C(=O)Nc4c5cc(ccc5[nH]n4)Cc6cc(cc(c6)F)F,HAYYBYPASCDWEQ-UHFFFAOYSA-N,CHEMBL1983268,http://www.icoa.fr/pkidb/static/img/mol/Entrectinib.svg
124,Entrectinib,NTRK2,2,560.3,5,85.5,6,3,7,CN1CCN(CC1)c2ccc(c(c2)NC3CCOCC3)C(=O)Nc4c5cc(ccc5[nH]n4)Cc6cc(cc(c6)F)F,HAYYBYPASCDWEQ-UHFFFAOYSA-N,CHEMBL1983268,http://www.icoa.fr/pkidb/static/img/mol/Entrectinib.svg
125,Entrectinib,NTRK3,2,560.3,5,85.5,6,3,7,CN1CCN(CC1)c2ccc(c(c2)NC3CCOCC3)C(=O)Nc4c5cc(ccc5[nH]n4)Cc6cc(cc(c6)F)F,HAYYBYPASCDWEQ-UHFFFAOYSA-N,CHEMBL1983268,http://www.icoa.fr/pkidb/static/img/mol/Entrectinib.svg
126,Entrectinib,ROS1,2,560.3,5,85.5,6,3,7,CN1CCN(CC1)c2ccc(c(c2)NC3CCOCC3)C(=O)Nc4c5cc(ccc5[nH]n4)Cc6cc(cc(c6)F)F,HAYYBYPASCDWEQ-UHFFFAOYSA-N,CHEMBL1983268,http://www.icoa.fr/pkidb/static/img/mol/Entrectinib.svg
127,Entrectinib,ALK,2,560.3,5,85.5,6,3,7,CN1CCN(CC1)c2ccc(c(c2)NC3CCOCC3)C(=O)Nc4c5cc(ccc5[nH]n4)Cc6cc(cc(c6)F)F,HAYYBYPASCDWEQ-UHFFFAOYSA-N,CHEMBL1983268,http://www.icoa.fr/pkidb/static/img/mol/Entrectinib.svg
128,Erdafitinib,FGFR1,0,446.2,4.2,77.3,8,1,9,CC(C)NCCN(c1ccc2c(c1)nc(cn2)c3cnn(c3)C)c4cc(cc(c4)OC)OC,OLAHOMJCDNXHFI-UHFFFAOYSA-N,CHEMBL3545376,http://www.icoa.fr/pkidb/static/img/mol/Erdafitinib.svg
129,Erlotinib,EGFR,0,393.2,3.4,74.7,7,1,10,COCCOc1cc2c(cc1OCCOC)ncnc2Nc3cccc(c3)C#C,AAKJLRGGTJKAMG-UHFFFAOYSA-N,CHEMBL553,http://www.icoa.fr/pkidb/static/img/mol/Erlotinib.svg
130,Erlotinib,NR1I2,0,393.2,3.4,74.7,7,1,10,COCCOc1cc2c(cc1OCCOC)ncnc2Nc3cccc(c3)C#C,AAKJLRGGTJKAMG-UHFFFAOYSA-N,CHEMBL553,http://www.icoa.fr/pkidb/static/img/mol/Erlotinib.svg
131,Evobrutinib,BTK,0,429.2,4.4,93.4,6,2,7,C=CC(=O)N1CCC(CC1)CNc2c(c(ncn2)N)c3ccc(cc3)Oc4ccccc4,QUIWHXQETADMGN-UHFFFAOYSA-N,CHEMBL4072833,http://www.icoa.fr/pkidb/static/img/mol/Evobrutinib.svg
132,Famitinib,KIT,0,410.2,3.3,68.4,3,2,6,CCN(CC)CCN1CCc2c(c(c([nH]2)/C=C/c4cc(ccc4NC3=O)F)C)C1=O,GKEYKDOLBLYGRB-LGMDPLHJSA-N,CHEMBL1278146,http://www.icoa.fr/pkidb/static/img/mol/Famitinib.svg
133,Famitinib,KDR,0,410.2,3.3,68.4,3,2,6,CCN(CC)CCN1CCc2c(c(c([nH]2)/C=C/c4cc(ccc4NC3=O)F)C)C1=O,GKEYKDOLBLYGRB-LGMDPLHJSA-N,CHEMBL1278146,http://www.icoa.fr/pkidb/static/img/mol/Famitinib.svg
134,Famitinib,FLT4,0,410.2,3.3,68.4,3,2,6,CCN(CC)CCN1CCc2c(c(c([nH]2)/C=C/c4cc(ccc4NC3=O)F)C)C1=O,GKEYKDOLBLYGRB-LGMDPLHJSA-N,CHEMBL1278146,http://www.icoa.fr/pkidb/static/img/mol/Famitinib.svg
135,Famitinib,PDGFRA,0,410.2,3.3,68.4,3,2,6,CCN(CC)CCN1CCc2c(c(c([nH]2)/C=C/c4cc(ccc4NC3=O)F)C)C1=O,GKEYKDOLBLYGRB-LGMDPLHJSA-N,CHEMBL1278146,http://www.icoa.fr/pkidb/static/img/mol/Famitinib.svg
136,Famitinib,PDGFRB,0,410.2,3.3,68.4,3,2,6,CCN(CC)CCN1CCc2c(c(c([nH]2)/C=C/c4cc(ccc4NC3=O)F)C)C1=O,GKEYKDOLBLYGRB-LGMDPLHJSA-N,CHEMBL1278146,http://www.icoa.fr/pkidb/static/img/mol/Famitinib.svg
137,Famitinib,FLT1,0,410.2,3.3,68.4,3,2,6,CCN(CC)CCN1CCc2c(c(c([nH]2)/C=C/c4cc(ccc4NC3=O)F)C)C1=O,GKEYKDOLBLYGRB-LGMDPLHJSA-N,CHEMBL1278146,http://www.icoa.fr/pkidb/static/img/mol/Famitinib.svg
138,Famitinib,FLT3,0,410.2,3.3,68.4,3,2,6,CCN(CC)CCN1CCc2c(c(c([nH]2)/C=C/c4cc(ccc4NC3=O)F)C)C1=O,GKEYKDOLBLYGRB-LGMDPLHJSA-N,CHEMBL1278146,http://www.icoa.fr/pkidb/static/img/mol/Famitinib.svg
139,Fedratinib,JAK2,1,524.3,4.8,108.5,8,3,10,Cc1cnc(nc1Nc2cccc(c2)S(=O)(=O)NC(C)(C)C)Nc3ccc(cc3)OCCN4CCCC4,JOOXLOJCABQBSG-UHFFFAOYSA-N,CHEMBL1287853,http://www.icoa.fr/pkidb/static/img/mol/Fedratinib.svg
140,Fedratinib,FLT3,1,524.3,4.8,108.5,8,3,10,Cc1cnc(nc1Nc2cccc(c2)S(=O)(=O)NC(C)(C)C)Nc3ccc(cc3)OCCN4CCCC4,JOOXLOJCABQBSG-UHFFFAOYSA-N,CHEMBL1287853,http://www.icoa.fr/pkidb/static/img/mol/Fedratinib.svg
141,Fedratinib,BRD4,1,524.3,4.8,108.5,8,3,10,Cc1cnc(nc1Nc2cccc(c2)S(=O)(=O)NC(C)(C)C)Nc3ccc(cc3)OCCN4CCCC4,JOOXLOJCABQBSG-UHFFFAOYSA-N,CHEMBL1287853,http://www.icoa.fr/pkidb/static/img/mol/Fedratinib.svg
142,Filgotinib,JAK1,0,425.2,2,96.7,7,1,5,c1cc(n2c(c1)nc(n2)NC(=O)C3CC3)c4ccc(cc4)CN5CCS(=O)(=O)CC5,RIJLVEAXPNLDTC-UHFFFAOYSA-N,CHEMBL3301607,http://www.icoa.fr/pkidb/static/img/mol/Filgotinib.svg
143,Flumatinib,BCR,2,562.2,5,99.2,8,2,7,Cc1c(cc(cn1)NC(=O)c2ccc(c(c2)C(F)(F)F)CN3CCN(CC3)C)Nc4nccc(n4)c5cccnc5,BJCJYEYYYGBROF-UHFFFAOYSA-N,CHEMBL3545413,http://www.icoa.fr/pkidb/static/img/mol/Flumatinib.svg
144,Flumatinib,ABL1,2,562.2,5,99.2,8,2,7,Cc1c(cc(cn1)NC(=O)c2ccc(c(c2)C(F)(F)F)CN3CCN(CC3)C)Nc4nccc(n4)c5cccnc5,BJCJYEYYYGBROF-UHFFFAOYSA-N,CHEMBL3545413,http://www.icoa.fr/pkidb/static/img/mol/Flumatinib.svg
145,Flumatinib,PDGFRB,2,562.2,5,99.2,8,2,7,Cc1c(cc(cn1)NC(=O)c2ccc(c(c2)C(F)(F)F)CN3CCN(CC3)C)Nc4nccc(n4)c5cccnc5,BJCJYEYYYGBROF-UHFFFAOYSA-N,CHEMBL3545413,http://www.icoa.fr/pkidb/static/img/mol/Flumatinib.svg
146,Flumatinib,KIT,2,562.2,5,99.2,8,2,7,Cc1c(cc(cn1)NC(=O)c2ccc(c(c2)C(F)(F)F)CN3CCN(CC3)C)Nc4nccc(n4)c5cccnc5,BJCJYEYYYGBROF-UHFFFAOYSA-N,CHEMBL3545413,http://www.icoa.fr/pkidb/static/img/mol/Flumatinib.svg
147,Foretinib,MET,2,632.2,5.8,111.2,8,2,12,COc1cc2c(ccnc2cc1OCCCN3CCOCC3)Oc4ccc(cc4F)NC(=O)C5(CC5)C(=O)Nc6ccc(cc6)F,CXQHYVUVSFXTMY-UHFFFAOYSA-N,CHEMBL1230609,http://www.icoa.fr/pkidb/static/img/mol/Foretinib.svg
148,Foretinib,KDR,2,632.2,5.8,111.2,8,2,12,COc1cc2c(ccnc2cc1OCCCN3CCOCC3)Oc4ccc(cc4F)NC(=O)C5(CC5)C(=O)Nc6ccc(cc6)F,CXQHYVUVSFXTMY-UHFFFAOYSA-N,CHEMBL1230609,http://www.icoa.fr/pkidb/static/img/mol/Foretinib.svg
149,Fostamatinib,SYK,2,580.1,3.1,186.7,12,4,10,CC1(C(=O)N(c2c(ccc(n2)Nc3c(cnc(n3)Nc4cc(c(c(c4)OC)OC)OC)F)O1)COP(=O)(O)O)C,GKDRMWXFWHEQQT-UHFFFAOYSA-N,CHEMBL2103830,http://www.icoa.fr/pkidb/static/img/mol/Fostamatinib.svg
150,Galunisertib,TGFBR1,0,369.2,3.5,86.7,5,1,3,Cc1cccc(n1)c2c(c3n(n2)CCC3)c4ccnc5c4cc(cc5)C(=O)N,IVRXNBXKWIJUQB-UHFFFAOYSA-N,CHEMBL2364611,http://www.icoa.fr/pkidb/static/img/mol/Galunisertib.svg
151,Gandotinib,JAK2,0,469.2,4,83.4,7,2,6,Cc1cc(n[nH]1)Nc2cc(c3nc(c(n3n2)Cc4ccc(cc4F)Cl)C)CN5CCOCC5,SQSZANZGUXWJEA-UHFFFAOYSA-N,CHEMBL2107823,http://www.icoa.fr/pkidb/static/img/mol/Gandotinib.svg
152,Gedatolisib,PIK3CA,1,615.3,3,128.3,10,2,7,CN(C)C1CCN(CC1)C(=O)c2ccc(cc2)NC(=O)Nc3ccc(cc3)c4nc(nc(n4)N5CCOCC5)N6CCOCC6,DWZAEMINVBZMHQ-UHFFFAOYSA-N,CHEMBL592445,http://www.icoa.fr/pkidb/static/img/mol/Gedatolisib.svg
153,Gedatolisib,PIK3CB,1,615.3,3,128.3,10,2,7,CN(C)C1CCN(CC1)C(=O)c2ccc(cc2)NC(=O)Nc3ccc(cc3)c4nc(nc(n4)N5CCOCC5)N6CCOCC6,DWZAEMINVBZMHQ-UHFFFAOYSA-N,CHEMBL592445,http://www.icoa.fr/pkidb/static/img/mol/Gedatolisib.svg
154,Gedatolisib,PIK3CG,1,615.3,3,128.3,10,2,7,CN(C)C1CCN(CC1)C(=O)c2ccc(cc2)NC(=O)Nc3ccc(cc3)c4nc(nc(n4)N5CCOCC5)N6CCOCC6,DWZAEMINVBZMHQ-UHFFFAOYSA-N,CHEMBL592445,http://www.icoa.fr/pkidb/static/img/mol/Gedatolisib.svg
155,Gedatolisib,PIK3CD,1,615.3,3,128.3,10,2,7,CN(C)C1CCN(CC1)C(=O)c2ccc(cc2)NC(=O)Nc3ccc(cc3)c4nc(nc(n4)N5CCOCC5)N6CCOCC6,DWZAEMINVBZMHQ-UHFFFAOYSA-N,CHEMBL592445,http://www.icoa.fr/pkidb/static/img/mol/Gedatolisib.svg
156,Gedatolisib,MTOR,1,615.3,3,128.3,10,2,7,CN(C)C1CCN(CC1)C(=O)c2ccc(cc2)NC(=O)Nc3ccc(cc3)c4nc(nc(n4)N5CCOCC5)N6CCOCC6,DWZAEMINVBZMHQ-UHFFFAOYSA-N,CHEMBL592445,http://www.icoa.fr/pkidb/static/img/mol/Gedatolisib.svg
157,Gefitinib,EGFR,0,446.2,4.3,68.7,7,1,8,COc1cc2c(cc1OCCCN3CCOCC3)c(ncn2)Nc4ccc(c(c4)Cl)F,XGALLCVXEZPNRQ-UHFFFAOYSA-N,CHEMBL939,http://www.icoa.fr/pkidb/static/img/mol/Gefitinib.svg
158,Gilteritinib,FLT3,1,552.4,2.7,121.1,10,3,9,CCc1c(nc(c(n1)C(=O)N)Nc2ccc(c(c2)OC)N3CCC(CC3)N4CCN(CC4)C)NC5CCOCC5,GYQYAJJFPNQOOW-UHFFFAOYSA-N,CHEMBL3301622,http://www.icoa.fr/pkidb/static/img/mol/Gilteritinib.svg
159,Gilteritinib,AXL,1,552.4,2.7,121.1,10,3,9,CCc1c(nc(c(n1)C(=O)N)Nc2ccc(c(c2)OC)N3CCC(CC3)N4CCN(CC4)C)NC5CCOCC5,GYQYAJJFPNQOOW-UHFFFAOYSA-N,CHEMBL3301622,http://www.icoa.fr/pkidb/static/img/mol/Gilteritinib.svg
160,Gilteritinib,ALK,1,552.4,2.7,121.1,10,3,9,CCc1c(nc(c(n1)C(=O)N)Nc2ccc(c(c2)OC)N3CCC(CC3)N4CCN(CC4)C)NC5CCOCC5,GYQYAJJFPNQOOW-UHFFFAOYSA-N,CHEMBL3301622,http://www.icoa.fr/pkidb/static/img/mol/Gilteritinib.svg
161,Glesatinib,MET,2,619.2,6.2,97.4,8,3,11,COCCNCc1ccc(nc1)c2cc3c(s2)c(ccn3)Oc4ccc(cc4F)NC(=S)NC(=O)Cc5ccc(cc5)F,YRCHYHRCBXNYNU-UHFFFAOYSA-N,CHEMBL3989914,http://www.icoa.fr/pkidb/static/img/mol/Glesatinib.svg
162,Glesatinib,TEK,2,619.2,6.2,97.4,8,3,11,COCCNCc1ccc(nc1)c2cc3c(s2)c(ccn3)Oc4ccc(cc4F)NC(=S)NC(=O)Cc5ccc(cc5)F,YRCHYHRCBXNYNU-UHFFFAOYSA-N,CHEMBL3989914,http://www.icoa.fr/pkidb/static/img/mol/Glesatinib.svg
163,Glesatinib,FLT1,2,619.2,6.2,97.4,8,3,11,COCCNCc1ccc(nc1)c2cc3c(s2)c(ccn3)Oc4ccc(cc4F)NC(=S)NC(=O)Cc5ccc(cc5)F,YRCHYHRCBXNYNU-UHFFFAOYSA-N,CHEMBL3989914,http://www.icoa.fr/pkidb/static/img/mol/Glesatinib.svg
164,Glesatinib,KDR,2,619.2,6.2,97.4,8,3,11,COCCNCc1ccc(nc1)c2cc3c(s2)c(ccn3)Oc4ccc(cc4F)NC(=S)NC(=O)Cc5ccc(cc5)F,YRCHYHRCBXNYNU-UHFFFAOYSA-N,CHEMBL3989914,http://www.icoa.fr/pkidb/static/img/mol/Glesatinib.svg
165,Glesatinib,FLT4,2,619.2,6.2,97.4,8,3,11,COCCNCc1ccc(nc1)c2cc3c(s2)c(ccn3)Oc4ccc(cc4F)NC(=S)NC(=O)Cc5ccc(cc5)F,YRCHYHRCBXNYNU-UHFFFAOYSA-N,CHEMBL3989914,http://www.icoa.fr/pkidb/static/img/mol/Glesatinib.svg
166,Glesatinib,MST1R,2,619.2,6.2,97.4,8,3,11,COCCNCc1ccc(nc1)c2cc3c(s2)c(ccn3)Oc4ccc(cc4F)NC(=S)NC(=O)Cc5ccc(cc5)F,YRCHYHRCBXNYNU-UHFFFAOYSA-N,CHEMBL3989914,http://www.icoa.fr/pkidb/static/img/mol/Glesatinib.svg
167,Golvatinib,MET,1,633.3,4.8,119.1,7,3,8,CN1CCN(CC1)C2CCN(CC2)C(=O)Nc3cc(ccn3)Oc4ccc(c(c4)F)NC(=O)C5(CC5)C(=O)Nc6ccc(cc6)F,UQRCJCNVNUFYDX-UHFFFAOYSA-N,CHEMBL3039525,http://www.icoa.fr/pkidb/static/img/mol/Golvatinib.svg
168,Golvatinib,KDR,1,633.3,4.8,119.1,7,3,8,CN1CCN(CC1)C2CCN(CC2)C(=O)Nc3cc(ccn3)Oc4ccc(c(c4)F)NC(=O)C5(CC5)C(=O)Nc6ccc(cc6)F,UQRCJCNVNUFYDX-UHFFFAOYSA-N,CHEMBL3039525,http://www.icoa.fr/pkidb/static/img/mol/Golvatinib.svg
169,Henatinib,KDR,0,468.2,2,97.9,5,3,5,Cc1c([nH]c2c1C(=O)N(CCC2)C[C@@H](CN3CCOCC3)O)/C=C/c5cc(ccc5NC4=O)F,MCTXSDCWFQAGFS-UEXNTNOUSA-N,CHEMBL1277072,http://www.icoa.fr/pkidb/static/img/mol/Henatinib.svg
170,Ibrutinib,BTK,0,440.2,4.2,99.2,7,1,5,C=CC(=O)N1CCC[C@H](C1)n2c3c(c(n2)c4ccc(cc4)Oc5ccccc5)c(ncn3)N,XYFPWWZEPKGCCK-GOSISDBHSA-N,CHEMBL1873475,http://www.icoa.fr/pkidb/static/img/mol/Ibrutinib.svg
171,Icotinib,EGFR,0,391.2,3.2,74.7,7,1,2,C#Cc1cccc(c1)Nc2c3cc4c(cc3ncn2)OCCOCCOCCO4,QQLKULDARVNMAL-UHFFFAOYSA-N,CHEMBL2087361,http://www.icoa.fr/pkidb/static/img/mol/Icotinib.svg
172,Idelalisib,PIK3CD,0,415.2,3.8,101.4,7,2,5,CC[C@@H](c1nc2cccc(c2c(=O)n1c3ccccc3)F)Nc4c5c([nH]cn5)ncn4,IFSDAJWBUCMOAH-HNNXBMFYSA-N,CHEMBL2216870,http://www.icoa.fr/pkidb/static/img/mol/Idelalisib.svg
173,Ilorasertib,AURKA,1,488.1,5.2,118.1,7,4,6,c1cc(cc(c1)F)NC(=O)Nc2ccc(cc2)c3csc4c3c(ncc4c5cnn(c5)CCO)N,WPHKIQPVPYJNAX-UHFFFAOYSA-N,CHEMBL1980297,http://www.icoa.fr/pkidb/static/img/mol/Ilorasertib.svg
174,Ilorasertib,AURKB,1,488.1,5.2,118.1,7,4,6,c1cc(cc(c1)F)NC(=O)Nc2ccc(cc2)c3csc4c3c(ncc4c5cnn(c5)CCO)N,WPHKIQPVPYJNAX-UHFFFAOYSA-N,CHEMBL1980297,http://www.icoa.fr/pkidb/static/img/mol/Ilorasertib.svg
175,Ilorasertib,AURKC,1,488.1,5.2,118.1,7,4,6,c1cc(cc(c1)F)NC(=O)Nc2ccc(cc2)c3csc4c3c(ncc4c5cnn(c5)CCO)N,WPHKIQPVPYJNAX-UHFFFAOYSA-N,CHEMBL1980297,http://www.icoa.fr/pkidb/static/img/mol/Ilorasertib.svg
176,Ilorasertib,FLT1,1,488.1,5.2,118.1,7,4,6,c1cc(cc(c1)F)NC(=O)Nc2ccc(cc2)c3csc4c3c(ncc4c5cnn(c5)CCO)N,WPHKIQPVPYJNAX-UHFFFAOYSA-N,CHEMBL1980297,http://www.icoa.fr/pkidb/static/img/mol/Ilorasertib.svg
177,Ilorasertib,PDGFRA,1,488.1,5.2,118.1,7,4,6,c1cc(cc(c1)F)NC(=O)Nc2ccc(cc2)c3csc4c3c(ncc4c5cnn(c5)CCO)N,WPHKIQPVPYJNAX-UHFFFAOYSA-N,CHEMBL1980297,http://www.icoa.fr/pkidb/static/img/mol/Ilorasertib.svg
178,Ilorasertib,PDGFRB,1,488.1,5.2,118.1,7,4,6,c1cc(cc(c1)F)NC(=O)Nc2ccc(cc2)c3csc4c3c(ncc4c5cnn(c5)CCO)N,WPHKIQPVPYJNAX-UHFFFAOYSA-N,CHEMBL1980297,http://www.icoa.fr/pkidb/static/img/mol/Ilorasertib.svg
179,Imatinib,KIT,0,493.3,4.6,86.3,7,2,7,Cc1ccc(cc1Nc2nccc(n2)c3cccnc3)NC(=O)c4ccc(cc4)CN5CCN(CC5)C,KTUFNOKKBVMGRW-UHFFFAOYSA-N,CHEMBL941,http://www.icoa.fr/pkidb/static/img/mol/Imatinib.svg
180,Imatinib,RET,0,493.3,4.6,86.3,7,2,7,Cc1ccc(cc1Nc2nccc(n2)c3cccnc3)NC(=O)c4ccc(cc4)CN5CCN(CC5)C,KTUFNOKKBVMGRW-UHFFFAOYSA-N,CHEMBL941,http://www.icoa.fr/pkidb/static/img/mol/Imatinib.svg
181,Imatinib,NTRK1,0,493.3,4.6,86.3,7,2,7,Cc1ccc(cc1Nc2nccc(n2)c3cccnc3)NC(=O)c4ccc(cc4)CN5CCN(CC5)C,KTUFNOKKBVMGRW-UHFFFAOYSA-N,CHEMBL941,http://www.icoa.fr/pkidb/static/img/mol/Imatinib.svg
182,Imatinib,CSF1R,0,493.3,4.6,86.3,7,2,7,Cc1ccc(cc1Nc2nccc(n2)c3cccnc3)NC(=O)c4ccc(cc4)CN5CCN(CC5)C,KTUFNOKKBVMGRW-UHFFFAOYSA-N,CHEMBL941,http://www.icoa.fr/pkidb/static/img/mol/Imatinib.svg
183,Imatinib,PDGFRA,0,493.3,4.6,86.3,7,2,7,Cc1ccc(cc1Nc2nccc(n2)c3cccnc3)NC(=O)c4ccc(cc4)CN5CCN(CC5)C,KTUFNOKKBVMGRW-UHFFFAOYSA-N,CHEMBL941,http://www.icoa.fr/pkidb/static/img/mol/Imatinib.svg
184,Imatinib,DDR1,0,493.3,4.6,86.3,7,2,7,Cc1ccc(cc1Nc2nccc(n2)c3cccnc3)NC(=O)c4ccc(cc4)CN5CCN(CC5)C,KTUFNOKKBVMGRW-UHFFFAOYSA-N,CHEMBL941,http://www.icoa.fr/pkidb/static/img/mol/Imatinib.svg
185,Imatinib,ABL1,0,493.3,4.6,86.3,7,2,7,Cc1ccc(cc1Nc2nccc(n2)c3cccnc3)NC(=O)c4ccc(cc4)CN5CCN(CC5)C,KTUFNOKKBVMGRW-UHFFFAOYSA-N,CHEMBL941,http://www.icoa.fr/pkidb/static/img/mol/Imatinib.svg
186,Imatinib,PDGFRB,0,493.3,4.6,86.3,7,2,7,Cc1ccc(cc1Nc2nccc(n2)c3cccnc3)NC(=O)c4ccc(cc4)CN5CCN(CC5)C,KTUFNOKKBVMGRW-UHFFFAOYSA-N,CHEMBL941,http://www.icoa.fr/pkidb/static/img/mol/Imatinib.svg
187,Infigratinib,FGFR1,2,559.2,5.4,95.1,8,2,8,CCN1CCN(CC1)c2ccc(cc2)Nc3cc(ncn3)N(C)C(=O)Nc4c(c(cc(c4Cl)OC)OC)Cl,QADPYRIHXKWUSV-UHFFFAOYSA-N,CHEMBL1852688,http://www.icoa.fr/pkidb/static/img/mol/Infigratinib.svg
188,Infigratinib,FGFR2,2,559.2,5.4,95.1,8,2,8,CCN1CCN(CC1)c2ccc(cc2)Nc3cc(ncn3)N(C)C(=O)Nc4c(c(cc(c4Cl)OC)OC)Cl,QADPYRIHXKWUSV-UHFFFAOYSA-N,CHEMBL1852688,http://www.icoa.fr/pkidb/static/img/mol/Infigratinib.svg
189,Infigratinib,FGFR3,2,559.2,5.4,95.1,8,2,8,CCN1CCN(CC1)c2ccc(cc2)Nc3cc(ncn3)N(C)C(=O)Nc4c(c(cc(c4Cl)OC)OC)Cl,QADPYRIHXKWUSV-UHFFFAOYSA-N,CHEMBL1852688,http://www.icoa.fr/pkidb/static/img/mol/Infigratinib.svg
190,Ipatasertib,AKT1,0,457.2,3.1,81.6,6,2,6,C[C@@H]1C[C@H](c2c1c(ncn2)N3CCN(CC3)C(=O)[C@H](CNC(C)C)c4ccc(cc4)Cl)O,GRZXWCHAXNAUHY-NSISKUIASA-N,CHEMBL2177390,http://www.icoa.fr/pkidb/static/img/mol/Ipatasertib.svg
191,Ipatasertib,AKT2,0,457.2,3.1,81.6,6,2,6,C[C@@H]1C[C@H](c2c1c(ncn2)N3CCN(CC3)C(=O)[C@H](CNC(C)C)c4ccc(cc4)Cl)O,GRZXWCHAXNAUHY-NSISKUIASA-N,CHEMBL2177390,http://www.icoa.fr/pkidb/static/img/mol/Ipatasertib.svg
192,Ipatasertib,AKT3,0,457.2,3.1,81.6,6,2,6,C[C@@H]1C[C@H](c2c1c(ncn2)N3CCN(CC3)C(=O)[C@H](CNC(C)C)c4ccc(cc4)Cl)O,GRZXWCHAXNAUHY-NSISKUIASA-N,CHEMBL2177390,http://www.icoa.fr/pkidb/static/img/mol/Ipatasertib.svg
193,Itacitinib,JAK1,1,553.2,3.6,119.6,8,1,5,c1cnc-2[nH]cnc(c12)c3cnn(c3)C4(CN(C4)C5CCN(CC5)C(=O)c6ccnc(c6F)C(F)(F)F)CC#N,KTBSXLIQKWEBRB-UHFFFAOYSA-N,CHEMBL3622820,http://www.icoa.fr/pkidb/static/img/mol/Itacitinib.svg
194,Lapatinib,EGFR,2,580.1,6.1,106.4,8,2,11,CS(=O)(=O)CCNCc1ccc(o1)c2ccc3c(c2)c(ncn3)Nc4ccc(c(c4)Cl)OCc5cccc(c5)F,BCFGMOOMADDAQU-UHFFFAOYSA-N,CHEMBL554,http://www.icoa.fr/pkidb/static/img/mol/Lapatinib.svg
195,Lapatinib,ERBB2,2,580.1,6.1,106.4,8,2,11,CS(=O)(=O)CCNCc1ccc(o1)c2ccc3c(c2)c(ncn3)Nc4ccc(c(c4)Cl)OCc5cccc(c5)F,BCFGMOOMADDAQU-UHFFFAOYSA-N,CHEMBL554,http://www.icoa.fr/pkidb/static/img/mol/Lapatinib.svg
196,Larotrectinib,NTRK1,0,428.2,2.9,86,6,2,3,c1cc(c(cc1F)[C@H]2CCCN2c3ccn4c(n3)c(cn4)NC(=O)N5CC[C@@H](C5)O)F,NYNZQNWKBKUAII-KBXCAEBGSA-N,CHEMBL3889654,http://www.icoa.fr/pkidb/static/img/mol/Larotrectinib.svg
197,Larotrectinib,NTRK2,0,428.2,2.9,86,6,2,3,c1cc(c(cc1F)[C@H]2CCCN2c3ccn4c(n3)c(cn4)NC(=O)N5CC[C@@H](C5)O)F,NYNZQNWKBKUAII-KBXCAEBGSA-N,CHEMBL3889654,http://www.icoa.fr/pkidb/static/img/mol/Larotrectinib.svg
198,Larotrectinib,NTRK3,0,428.2,2.9,86,6,2,3,c1cc(c(cc1F)[C@H]2CCCN2c3ccn4c(n3)c(cn4)NC(=O)N5CC[C@@H](C5)O)F,NYNZQNWKBKUAII-KBXCAEBGSA-N,CHEMBL3889654,http://www.icoa.fr/pkidb/static/img/mol/Larotrectinib.svg
199,Lenvatinib,FLT1,0,426.1,4.1,115.6,5,3,6,COc1cc2c(cc1C(=O)N)c(ccn2)Oc3ccc(c(c3)Cl)NC(=O)NC4CC4,WOSKHXYHFSIKNG-UHFFFAOYSA-N,CHEMBL1289601,http://www.icoa.fr/pkidb/static/img/mol/Lenvatinib.svg
200,Lenvatinib,KDR,0,426.1,4.1,115.6,5,3,6,COc1cc2c(cc1C(=O)N)c(ccn2)Oc3ccc(c(c3)Cl)NC(=O)NC4CC4,WOSKHXYHFSIKNG-UHFFFAOYSA-N,CHEMBL1289601,http://www.icoa.fr/pkidb/static/img/mol/Lenvatinib.svg
201,Lenvatinib,FLT4,0,426.1,4.1,115.6,5,3,6,COc1cc2c(cc1C(=O)N)c(ccn2)Oc3ccc(c(c3)Cl)NC(=O)NC4CC4,WOSKHXYHFSIKNG-UHFFFAOYSA-N,CHEMBL1289601,http://www.icoa.fr/pkidb/static/img/mol/Lenvatinib.svg
202,Lenvatinib,FGFR1,0,426.1,4.1,115.6,5,3,6,COc1cc2c(cc1C(=O)N)c(ccn2)Oc3ccc(c(c3)Cl)NC(=O)NC4CC4,WOSKHXYHFSIKNG-UHFFFAOYSA-N,CHEMBL1289601,http://www.icoa.fr/pkidb/static/img/mol/Lenvatinib.svg
203,Lenvatinib,FGFR2,0,426.1,4.1,115.6,5,3,6,COc1cc2c(cc1C(=O)N)c(ccn2)Oc3ccc(c(c3)Cl)NC(=O)NC4CC4,WOSKHXYHFSIKNG-UHFFFAOYSA-N,CHEMBL1289601,http://www.icoa.fr/pkidb/static/img/mol/Lenvatinib.svg
204,Lenvatinib,FGFR3,0,426.1,4.1,115.6,5,3,6,COc1cc2c(cc1C(=O)N)c(ccn2)Oc3ccc(c(c3)Cl)NC(=O)NC4CC4,WOSKHXYHFSIKNG-UHFFFAOYSA-N,CHEMBL1289601,http://www.icoa.fr/pkidb/static/img/mol/Lenvatinib.svg
205,Lenvatinib,FGFR4,0,426.1,4.1,115.6,5,3,6,COc1cc2c(cc1C(=O)N)c(ccn2)Oc3ccc(c(c3)Cl)NC(=O)NC4CC4,WOSKHXYHFSIKNG-UHFFFAOYSA-N,CHEMBL1289601,http://www.icoa.fr/pkidb/static/img/mol/Lenvatinib.svg
206,Lenvatinib,KIT,0,426.1,4.1,115.6,5,3,6,COc1cc2c(cc1C(=O)N)c(ccn2)Oc3ccc(c(c3)Cl)NC(=O)NC4CC4,WOSKHXYHFSIKNG-UHFFFAOYSA-N,CHEMBL1289601,http://www.icoa.fr/pkidb/static/img/mol/Lenvatinib.svg
207,Lestaurtinib,FLT3,0,439.2,3.5,88.7,6,3,1,C[C@@]12[C@](C[C@@H](O1)n3c4ccccc4c5c3c6n2c7ccccc7c6c8c5C(=O)NC8)(CO)O,UIARLYUEJFELEN-LROUJFHJSA-N,CHEMBL603469,http://www.icoa.fr/pkidb/static/img/mol/Lestaurtinib.svg
208,Linifanib,FLT3,0,375.1,4.9,95.8,3,4,3,Cc1ccc(c(c1)NC(=O)Nc2ccc(cc2)c3cccc4c3c(n[nH]4)N)F,MPVGZUGXCQEXTM-UHFFFAOYSA-N,CHEMBL223360,http://www.icoa.fr/pkidb/static/img/mol/Linifanib.svg
209,Linifanib,CSF1R,0,375.1,4.9,95.8,3,4,3,Cc1ccc(c(c1)NC(=O)Nc2ccc(cc2)c3cccc4c3c(n[nH]4)N)F,MPVGZUGXCQEXTM-UHFFFAOYSA-N,CHEMBL223360,http://www.icoa.fr/pkidb/static/img/mol/Linifanib.svg
210,Linifanib,KDR,0,375.1,4.9,95.8,3,4,3,Cc1ccc(c(c1)NC(=O)Nc2ccc(cc2)c3cccc4c3c(n[nH]4)N)F,MPVGZUGXCQEXTM-UHFFFAOYSA-N,CHEMBL223360,http://www.icoa.fr/pkidb/static/img/mol/Linifanib.svg
211,Linsitinib,IGF1R,0,421.2,4.8,89.3,6,2,3,C[C@]1(C[C@@H](C1)c2n3c(c(ncc3)N)c(n2)c4cc5nc(ccc5cc4)c6ccccc6)O,PKCDDUHJAFVJJB-VLZXCDOPSA-N,CHEMBL1091644,http://www.icoa.fr/pkidb/static/img/mol/Linsitinib.svg
212,Lorlatinib,ALK,0,406.2,2.8,110.1,7,1,0,C[C@@H]1c2cc(ccc2C(=O)N(Cc3c(c(n(n3)C)C#N)-c4cc(c(nc4)N)O1)C)F,IIXWYSCJSQVBQM-LLVKDONJSA-N,CHEMBL3286830,http://www.icoa.fr/pkidb/static/img/mol/Lorlatinib.svg
213,Lorlatinib,ROS1,0,406.2,2.8,110.1,7,1,0,C[C@@H]1c2cc(ccc2C(=O)N(Cc3c(c(n(n3)C)C#N)-c4cc(c(nc4)N)O1)C)F,IIXWYSCJSQVBQM-LLVKDONJSA-N,CHEMBL3286830,http://www.icoa.fr/pkidb/static/img/mol/Lorlatinib.svg
214,Losmapimod,MAPK14,0,383.2,3.9,71.1,3,2,5,Cc1c(cc(cc1F)C(=O)NC2CC2)c3ccc(cn3)C(=O)NCC(C)(C)C,KKYABQBFGDZVNQ-UHFFFAOYSA-N,CHEMBL1088752,http://www.icoa.fr/pkidb/static/img/mol/Losmapimod.svg
215,Losmapimod,MAPK11,0,383.2,3.9,71.1,3,2,5,Cc1c(cc(cc1F)C(=O)NC2CC2)c3ccc(cn3)C(=O)NCC(C)(C)C,KKYABQBFGDZVNQ-UHFFFAOYSA-N,CHEMBL1088752,http://www.icoa.fr/pkidb/static/img/mol/Losmapimod.svg
216,Losmapimod,MAPK13,0,383.2,3.9,71.1,3,2,5,Cc1c(cc(cc1F)C(=O)NC2CC2)c3ccc(cn3)C(=O)NCC(C)(C)C,KKYABQBFGDZVNQ-UHFFFAOYSA-N,CHEMBL1088752,http://www.icoa.fr/pkidb/static/img/mol/Losmapimod.svg
217,Losmapimod,MAPK12,0,383.2,3.9,71.1,3,2,5,Cc1c(cc(cc1F)C(=O)NC2CC2)c3ccc(cn3)C(=O)NCC(C)(C)C,KKYABQBFGDZVNQ-UHFFFAOYSA-N,CHEMBL1088752,http://www.icoa.fr/pkidb/static/img/mol/Losmapimod.svg
218,Lucitanib,FLT1,0,443.2,4.4,95.7,6,2,7,CNC(=O)c1cccc2c1ccc(c2)Oc3ccnc4c3cc(c(c4)OCC5(CC5)N)OC,CUDVHEFYRIWYQD-UHFFFAOYSA-N,CHEMBL2220486,http://www.icoa.fr/pkidb/static/img/mol/Lucitanib.svg
219,Lucitanib,KDR,0,443.2,4.4,95.7,6,2,7,CNC(=O)c1cccc2c1ccc(c2)Oc3ccnc4c3cc(c(c4)OCC5(CC5)N)OC,CUDVHEFYRIWYQD-UHFFFAOYSA-N,CHEMBL2220486,http://www.icoa.fr/pkidb/static/img/mol/Lucitanib.svg
220,Lucitanib,FLT4,0,443.2,4.4,95.7,6,2,7,CNC(=O)c1cccc2c1ccc(c2)Oc3ccnc4c3cc(c(c4)OCC5(CC5)N)OC,CUDVHEFYRIWYQD-UHFFFAOYSA-N,CHEMBL2220486,http://www.icoa.fr/pkidb/static/img/mol/Lucitanib.svg
221,Lucitanib,FGFR1,0,443.2,4.4,95.7,6,2,7,CNC(=O)c1cccc2c1ccc(c2)Oc3ccnc4c3cc(c(c4)OCC5(CC5)N)OC,CUDVHEFYRIWYQD-UHFFFAOYSA-N,CHEMBL2220486,http://www.icoa.fr/pkidb/static/img/mol/Lucitanib.svg
222,Lucitanib,FGFR2,0,443.2,4.4,95.7,6,2,7,CNC(=O)c1cccc2c1ccc(c2)Oc3ccnc4c3cc(c(c4)OCC5(CC5)N)OC,CUDVHEFYRIWYQD-UHFFFAOYSA-N,CHEMBL2220486,http://www.icoa.fr/pkidb/static/img/mol/Lucitanib.svg
223,Masitinib,KIT,1,498.2,5.3,73.4,7,2,7,Cc1ccc(cc1Nc2nc(cs2)c3cccnc3)NC(=O)c4ccc(cc4)CN5CCN(CC5)C,WJEOLQLKVOPQFV-UHFFFAOYSA-N,CHEMBL1908391,http://www.icoa.fr/pkidb/static/img/mol/Masitinib.svg
224,Masitinib,PDGFRA,1,498.2,5.3,73.4,7,2,7,Cc1ccc(cc1Nc2nc(cs2)c3cccnc3)NC(=O)c4ccc(cc4)CN5CCN(CC5)C,WJEOLQLKVOPQFV-UHFFFAOYSA-N,CHEMBL1908391,http://www.icoa.fr/pkidb/static/img/mol/Masitinib.svg
225,Masitinib,PDGFRB,1,498.2,5.3,73.4,7,2,7,Cc1ccc(cc1Nc2nc(cs2)c3cccnc3)NC(=O)c4ccc(cc4)CN5CCN(CC5)C,WJEOLQLKVOPQFV-UHFFFAOYSA-N,CHEMBL1908391,http://www.icoa.fr/pkidb/static/img/mol/Masitinib.svg
226,Masitinib,FGFR1,1,498.2,5.3,73.4,7,2,7,Cc1ccc(cc1Nc2nc(cs2)c3cccnc3)NC(=O)c4ccc(cc4)CN5CCN(CC5)C,WJEOLQLKVOPQFV-UHFFFAOYSA-N,CHEMBL1908391,http://www.icoa.fr/pkidb/static/img/mol/Masitinib.svg
227,Masitinib,FGFR2,1,498.2,5.3,73.4,7,2,7,Cc1ccc(cc1Nc2nc(cs2)c3cccnc3)NC(=O)c4ccc(cc4)CN5CCN(CC5)C,WJEOLQLKVOPQFV-UHFFFAOYSA-N,CHEMBL1908391,http://www.icoa.fr/pkidb/static/img/mol/Masitinib.svg
228,Masitinib,FGFR3,1,498.2,5.3,73.4,7,2,7,Cc1ccc(cc1Nc2nc(cs2)c3cccnc3)NC(=O)c4ccc(cc4)CN5CCN(CC5)C,WJEOLQLKVOPQFV-UHFFFAOYSA-N,CHEMBL1908391,http://www.icoa.fr/pkidb/static/img/mol/Masitinib.svg
229,Merestinib,MET,2,552.2,5.7,106.8,7,2,6,Cc1ccc(c(=O)n1c2ccc(cc2)F)C(=O)Nc3ccc(c(c3)F)Oc4cc5cnn(c5cc4c6c[nH]nc6)C,QHADVLVFMKEIIP-UHFFFAOYSA-N,CHEMBL3545307,http://www.icoa.fr/pkidb/static/img/mol/Merestinib.svg
230,Milciclib,CDK1,0,460.3,2.6,91.2,8,2,4,CC1(Cc2cnc(nc2-c3c1c(nn3C)C(=O)NC)Nc4ccc(cc4)N5CCN(CC5)C)C,RXZMYLDMFYNEIM-UHFFFAOYSA-N,CHEMBL564829,http://www.icoa.fr/pkidb/static/img/mol/Milciclib.svg
231,Milciclib,NTRK1,0,460.3,2.6,91.2,8,2,4,CC1(Cc2cnc(nc2-c3c1c(nn3C)C(=O)NC)Nc4ccc(cc4)N5CCN(CC5)C)C,RXZMYLDMFYNEIM-UHFFFAOYSA-N,CHEMBL564829,http://www.icoa.fr/pkidb/static/img/mol/Milciclib.svg
232,Momelotinib,JAK1,0,414.2,3,103.2,7,2,6,c1cc(ccc1c2ccnc(n2)Nc3ccc(cc3)N4CCOCC4)C(=O)NCC#N,ZVHNDZWQTBEVRY-UHFFFAOYSA-N,CHEMBL1078178,http://www.icoa.fr/pkidb/static/img/mol/Momelotinib.svg
233,Momelotinib,JAK2,0,414.2,3,103.2,7,2,6,c1cc(ccc1c2ccnc(n2)Nc3ccc(cc3)N4CCOCC4)C(=O)NCC#N,ZVHNDZWQTBEVRY-UHFFFAOYSA-N,CHEMBL1078178,http://www.icoa.fr/pkidb/static/img/mol/Momelotinib.svg
234,Momelotinib,JAK3,0,414.2,3,103.2,7,2,6,c1cc(ccc1c2ccnc(n2)Nc3ccc(cc3)N4CCOCC4)C(=O)NCC#N,ZVHNDZWQTBEVRY-UHFFFAOYSA-N,CHEMBL1078178,http://www.icoa.fr/pkidb/static/img/mol/Momelotinib.svg
235,Motesanib,FLT1,0,373.2,4,78.9,5,3,5,CC1(CNc2c1ccc(c2)NC(=O)c3cccnc3NCc4ccncc4)C,RAHBGWKEPAQNFF-UHFFFAOYSA-N,CHEMBL572881,http://www.icoa.fr/pkidb/static/img/mol/Motesanib.svg
236,Motesanib,KDR,0,373.2,4,78.9,5,3,5,CC1(CNc2c1ccc(c2)NC(=O)c3cccnc3NCc4ccncc4)C,RAHBGWKEPAQNFF-UHFFFAOYSA-N,CHEMBL572881,http://www.icoa.fr/pkidb/static/img/mol/Motesanib.svg
237,Motesanib,FLT4,0,373.2,4,78.9,5,3,5,CC1(CNc2c1ccc(c2)NC(=O)c3cccnc3NCc4ccncc4)C,RAHBGWKEPAQNFF-UHFFFAOYSA-N,CHEMBL572881,http://www.icoa.fr/pkidb/static/img/mol/Motesanib.svg
238,Motesanib,PDGFRA,0,373.2,4,78.9,5,3,5,CC1(CNc2c1ccc(c2)NC(=O)c3cccnc3NCc4ccncc4)C,RAHBGWKEPAQNFF-UHFFFAOYSA-N,CHEMBL572881,http://www.icoa.fr/pkidb/static/img/mol/Motesanib.svg
239,Motesanib,PDGFRB,0,373.2,4,78.9,5,3,5,CC1(CNc2c1ccc(c2)NC(=O)c3cccnc3NCc4ccncc4)C,RAHBGWKEPAQNFF-UHFFFAOYSA-N,CHEMBL572881,http://www.icoa.fr/pkidb/static/img/mol/Motesanib.svg
240,Motesanib,KIT,0,373.2,4,78.9,5,3,5,CC1(CNc2c1ccc(c2)NC(=O)c3cccnc3NCc4ccncc4)C,RAHBGWKEPAQNFF-UHFFFAOYSA-N,CHEMBL572881,http://www.icoa.fr/pkidb/static/img/mol/Motesanib.svg
241,Motesanib,RET,0,373.2,4,78.9,5,3,5,CC1(CNc2c1ccc(c2)NC(=O)c3cccnc3NCc4ccncc4)C,RAHBGWKEPAQNFF-UHFFFAOYSA-N,CHEMBL572881,http://www.icoa.fr/pkidb/static/img/mol/Motesanib.svg
242,Mubritinib,EGFR,1,468.2,6.1,66,6,0,10,c1cc(ccc1CCCCn2ccnn2)OCc3coc(n3)/C=C/c4ccc(cc4)C(F)(F)F,ZTFBIUXIQYRUNT-MDWZMJQESA-N,CHEMBL1614707,http://www.icoa.fr/pkidb/static/img/mol/Mubritinib.svg
243,Mubritinib,ERBB2,1,468.2,6.1,66,6,0,10,c1cc(ccc1CCCCn2ccnn2)OCc3coc(n3)/C=C/c4ccc(cc4)C(F)(F)F,ZTFBIUXIQYRUNT-MDWZMJQESA-N,CHEMBL1614707,http://www.icoa.fr/pkidb/static/img/mol/Mubritinib.svg
244,Naquotinib,EGFR,1,562.3,2.3,120.2,9,2,9,CCc1c(nc(c(n1)C(=O)N)Nc2ccc(cc2)N3CCC(CC3)N4CCN(CC4)C)O[C@@H]5CCN(C5)C(=O)C=C,QKDCLUARMDUUKN-XMMPIXPASA-N,CHEMBL3663929,http://www.icoa.fr/pkidb/static/img/mol/Naquotinib.svg
245,Neflamapimod,MAPK14,1,435,5.5,47.3,5,0,3,c1cc(c(c(c1)Cl)c2c3ccc(nn3cnc2=O)Sc4ccc(cc4F)F)Cl,VEPKQEUBKLEPRA-UHFFFAOYSA-N,CHEMBL119385,http://www.icoa.fr/pkidb/static/img/mol/Neflamapimod.svg
246,Neratinib,ERBB2,2,556.2,5.9,112.4,8,2,11,CCOc1cc2c(cc1NC(=O)/C=C/CN(C)C)c(c(cn2)C#N)Nc3ccc(c(c3)Cl)OCc4ccccn4,JWNPDZNEKVCWMY-VQHVLOKHSA-N,CHEMBL180022,http://www.icoa.fr/pkidb/static/img/mol/Neratinib.svg
247,Neratinib,EGFR,2,556.2,5.9,112.4,8,2,11,CCOc1cc2c(cc1NC(=O)/C=C/CN(C)C)c(c(cn2)C#N)Nc3ccc(c(c3)Cl)OCc4ccccn4,JWNPDZNEKVCWMY-VQHVLOKHSA-N,CHEMBL180022,http://www.icoa.fr/pkidb/static/img/mol/Neratinib.svg
248,Nilotinib,ABL1,2,529.2,6.4,97.6,7,2,6,Cc1ccc(cc1Nc2nccc(n2)c3cccnc3)C(=O)Nc4cc(cc(c4)n5cc(nc5)C)C(F)(F)F,HHZIURLSWUIHRB-UHFFFAOYSA-N,CHEMBL255863,http://www.icoa.fr/pkidb/static/img/mol/Nilotinib.svg
249,Nilotinib,KIT,2,529.2,6.4,97.6,7,2,6,Cc1ccc(cc1Nc2nccc(n2)c3cccnc3)C(=O)Nc4cc(cc(c4)n5cc(nc5)C)C(F)(F)F,HHZIURLSWUIHRB-UHFFFAOYSA-N,CHEMBL255863,http://www.icoa.fr/pkidb/static/img/mol/Nilotinib.svg
250,Nintedanib,FLT1,1,539.3,3.6,94.2,7,2,7,CN1CCN(CC1)CC(=O)N(C)c2ccc(cc2)N/C(=C/c4ccc(cc4NC3=O)C(=O)OC)/c5ccccc5,XZXHXSATPCNXJR-ZIADKAODSA-N,CHEMBL502835,http://www.icoa.fr/pkidb/static/img/mol/Nintedanib.svg
251,Nintedanib,KDR,1,539.3,3.6,94.2,7,2,7,CN1CCN(CC1)CC(=O)N(C)c2ccc(cc2)N/C(=C/c4ccc(cc4NC3=O)C(=O)OC)/c5ccccc5,XZXHXSATPCNXJR-ZIADKAODSA-N,CHEMBL502835,http://www.icoa.fr/pkidb/static/img/mol/Nintedanib.svg
252,Nintedanib,FLT4,1,539.3,3.6,94.2,7,2,7,CN1CCN(CC1)CC(=O)N(C)c2ccc(cc2)N/C(=C/c4ccc(cc4NC3=O)C(=O)OC)/c5ccccc5,XZXHXSATPCNXJR-ZIADKAODSA-N,CHEMBL502835,http://www.icoa.fr/pkidb/static/img/mol/Nintedanib.svg
253,Nintedanib,FGFR1,1,539.3,3.6,94.2,7,2,7,CN1CCN(CC1)CC(=O)N(C)c2ccc(cc2)N/C(=C/c4ccc(cc4NC3=O)C(=O)OC)/c5ccccc5,XZXHXSATPCNXJR-ZIADKAODSA-N,CHEMBL502835,http://www.icoa.fr/pkidb/static/img/mol/Nintedanib.svg
254,Nintedanib,FGFR2,1,539.3,3.6,94.2,7,2,7,CN1CCN(CC1)CC(=O)N(C)c2ccc(cc2)N/C(=C/c4ccc(cc4NC3=O)C(=O)OC)/c5ccccc5,XZXHXSATPCNXJR-ZIADKAODSA-N,CHEMBL502835,http://www.icoa.fr/pkidb/static/img/mol/Nintedanib.svg
255,Nintedanib,FGFR3,1,539.3,3.6,94.2,7,2,7,CN1CCN(CC1)CC(=O)N(C)c2ccc(cc2)N/C(=C/c4ccc(cc4NC3=O)C(=O)OC)/c5ccccc5,XZXHXSATPCNXJR-ZIADKAODSA-N,CHEMBL502835,http://www.icoa.fr/pkidb/static/img/mol/Nintedanib.svg
256,Nintedanib,FLT3,1,539.3,3.6,94.2,7,2,7,CN1CCN(CC1)CC(=O)N(C)c2ccc(cc2)N/C(=C/c4ccc(cc4NC3=O)C(=O)OC)/c5ccccc5,XZXHXSATPCNXJR-ZIADKAODSA-N,CHEMBL502835,http://www.icoa.fr/pkidb/static/img/mol/Nintedanib.svg
257,Nintedanib,LCK,1,539.3,3.6,94.2,7,2,7,CN1CCN(CC1)CC(=O)N(C)c2ccc(cc2)N/C(=C/c4ccc(cc4NC3=O)C(=O)OC)/c5ccccc5,XZXHXSATPCNXJR-ZIADKAODSA-N,CHEMBL502835,http://www.icoa.fr/pkidb/static/img/mol/Nintedanib.svg
258,Nintedanib,LYN,1,539.3,3.6,94.2,7,2,7,CN1CCN(CC1)CC(=O)N(C)c2ccc(cc2)N/C(=C/c4ccc(cc4NC3=O)C(=O)OC)/c5ccccc5,XZXHXSATPCNXJR-ZIADKAODSA-N,CHEMBL502835,http://www.icoa.fr/pkidb/static/img/mol/Nintedanib.svg
259,Nintedanib,SRC,1,539.3,3.6,94.2,7,2,7,CN1CCN(CC1)CC(=O)N(C)c2ccc(cc2)N/C(=C/c4ccc(cc4NC3=O)C(=O)OC)/c5ccccc5,XZXHXSATPCNXJR-ZIADKAODSA-N,CHEMBL502835,http://www.icoa.fr/pkidb/static/img/mol/Nintedanib.svg
260,Oclacitinib,JAK1,0,337.2,1.5,91,5,2,5,CNS(=O)(=O)C[C@H]1CC[C@@H](CC1)N(c2ncnc3c2cc[nH]3)C,HJWLJNBZVZDLAQ-HAQNSBGRSA-N,CHEMBL2103874,http://www.icoa.fr/pkidb/static/img/mol/Oclacitinib.svg
261,Oclacitinib,JAK2,0,337.2,1.5,91,5,2,5,CNS(=O)(=O)C[C@H]1CC[C@@H](CC1)N(c2ncnc3c2cc[nH]3)C,HJWLJNBZVZDLAQ-HAQNSBGRSA-N,CHEMBL2103874,http://www.icoa.fr/pkidb/static/img/mol/Oclacitinib.svg
262,Oclacitinib,JAK3,0,337.2,1.5,91,5,2,5,CNS(=O)(=O)C[C@H]1CC[C@@H](CC1)N(c2ncnc3c2cc[nH]3)C,HJWLJNBZVZDLAQ-HAQNSBGRSA-N,CHEMBL2103874,http://www.icoa.fr/pkidb/static/img/mol/Oclacitinib.svg
263,Olmutinib,EGFR,1,486.2,5.1,82.6,8,2,7,CN1CCN(CC1)c2ccc(cc2)Nc3nc4ccsc4c(n3)Oc5cccc(c5)NC(=O)C=C,FDMQDKQUTRLUBU-UHFFFAOYSA-N,CHEMBL3786343,http://www.icoa.fr/pkidb/static/img/mol/Olmutinib.svg
264,Omipalisib,PIK3CA,1,505.1,4.8,107,7,1,6,COc1c(cc(cn1)c2ccc3c(c2)c(ccn3)c4ccnnc4)NS(=O)(=O)c5ccc(cc5F)F,CGBJSGAELGCMKE-UHFFFAOYSA-N,CHEMBL1236962,http://www.icoa.fr/pkidb/static/img/mol/Omipalisib.svg
265,Omipalisib,MTOR,1,505.1,4.8,107,7,1,6,COc1c(cc(cn1)c2ccc3c(c2)c(ccn3)c4ccnnc4)NS(=O)(=O)c5ccc(cc5F)F,CGBJSGAELGCMKE-UHFFFAOYSA-N,CHEMBL1236962,http://www.icoa.fr/pkidb/static/img/mol/Omipalisib.svg
266,Orantinib,KDR,0,310.1,3.1,82.2,2,3,4,Cc1c(c([nH]c1/C=C/c3ccccc3NC2=O)C)CCC(=O)O,NHFDRBXTEDBWCZ-ZROIWOOFSA-N,CHEMBL274654,http://www.icoa.fr/pkidb/static/img/mol/Orantinib.svg
267,Orantinib,PDGFRB,0,310.1,3.1,82.2,2,3,4,Cc1c(c([nH]c1/C=C/c3ccccc3NC2=O)C)CCC(=O)O,NHFDRBXTEDBWCZ-ZROIWOOFSA-N,CHEMBL274654,http://www.icoa.fr/pkidb/static/img/mol/Orantinib.svg
268,Orantinib,FGFR1,0,310.1,3.1,82.2,2,3,4,Cc1c(c([nH]c1/C=C/c3ccccc3NC2=O)C)CCC(=O)O,NHFDRBXTEDBWCZ-ZROIWOOFSA-N,CHEMBL274654,http://www.icoa.fr/pkidb/static/img/mol/Orantinib.svg
269,Osimertinib,EGFR,0,499.3,4.5,87.6,8,2,10,Cn1cc(c2c1cccc2)c3ccnc(n3)Nc4cc(c(cc4OC)N(C)CCN(C)C)NC(=O)C=C,DUYJMQONPNNFPI-UHFFFAOYSA-N,CHEMBL3353410,http://www.icoa.fr/pkidb/static/img/mol/Osimertinib.svg
270,Pacritinib,JAK2,0,472.2,5,68.7,7,1,4,c1cc2cc(c1)-c3ccnc(n3)Nc4ccc(c(c4)COC/C=C/COC2)OCCN5CCCC5,HWXVIOGONBBTBY-ONEGZZNKSA-N,CHEMBL2035187,http://www.icoa.fr/pkidb/static/img/mol/Pacritinib.svg
271,Palbociclib,CDK4,0,447.2,3,105,9,2,5,Cc1c2cnc(nc2n(c(=O)c1C(=O)C)C3CCCC3)Nc4ccc(cn4)N5CCNCC5,AHJRHEGDXFFMBM-UHFFFAOYSA-N,CHEMBL189963,http://www.icoa.fr/pkidb/static/img/mol/Palbociclib.svg
272,Palbociclib,CDK6,0,447.2,3,105,9,2,5,Cc1c2cnc(nc2n(c(=O)c1C(=O)C)C3CCCC3)Nc4ccc(cn4)N5CCNCC5,AHJRHEGDXFFMBM-UHFFFAOYSA-N,CHEMBL189963,http://www.icoa.fr/pkidb/static/img/mol/Palbociclib.svg
273,Pamapimod,MAPK14,0,406.1,1.9,109.5,8,3,8,Cn1c2c(cc(c1=O)Oc3ccc(cc3F)F)cnc(n2)NC(CCO)CCO,JYYLVUFNAHSSFE-UHFFFAOYSA-N,CHEMBL1090089,http://www.icoa.fr/pkidb/static/img/mol/Pamapimod.svg
274,Pamapimod,MAPK11,0,406.1,1.9,109.5,8,3,8,Cn1c2c(cc(c1=O)Oc3ccc(cc3F)F)cnc(n2)NC(CCO)CCO,JYYLVUFNAHSSFE-UHFFFAOYSA-N,CHEMBL1090089,http://www.icoa.fr/pkidb/static/img/mol/Pamapimod.svg
275,Pazopanib,FLT1,0,437.2,3.1,119,8,2,5,Cc1ccc(cc1S(=O)(=O)N)Nc2nccc(n2)N(C)c3ccc4c(n(nc4c3)C)C,CUIHSIWYWATEQL-UHFFFAOYSA-N,CHEMBL477772,http://www.icoa.fr/pkidb/static/img/mol/Pazopanib.svg
276,Pazopanib,KDR,0,437.2,3.1,119,8,2,5,Cc1ccc(cc1S(=O)(=O)N)Nc2nccc(n2)N(C)c3ccc4c(n(nc4c3)C)C,CUIHSIWYWATEQL-UHFFFAOYSA-N,CHEMBL477772,http://www.icoa.fr/pkidb/static/img/mol/Pazopanib.svg
277,Pazopanib,FLT4,0,437.2,3.1,119,8,2,5,Cc1ccc(cc1S(=O)(=O)N)Nc2nccc(n2)N(C)c3ccc4c(n(nc4c3)C)C,CUIHSIWYWATEQL-UHFFFAOYSA-N,CHEMBL477772,http://www.icoa.fr/pkidb/static/img/mol/Pazopanib.svg
278,Pazopanib,PDGFRA,0,437.2,3.1,119,8,2,5,Cc1ccc(cc1S(=O)(=O)N)Nc2nccc(n2)N(C)c3ccc4c(n(nc4c3)C)C,CUIHSIWYWATEQL-UHFFFAOYSA-N,CHEMBL477772,http://www.icoa.fr/pkidb/static/img/mol/Pazopanib.svg
279,Pazopanib,PDGFRB,0,437.2,3.1,119,8,2,5,Cc1ccc(cc1S(=O)(=O)N)Nc2nccc(n2)N(C)c3ccc4c(n(nc4c3)C)C,CUIHSIWYWATEQL-UHFFFAOYSA-N,CHEMBL477772,http://www.icoa.fr/pkidb/static/img/mol/Pazopanib.svg
280,Pazopanib,KIT,0,437.2,3.1,119,8,2,5,Cc1ccc(cc1S(=O)(=O)N)Nc2nccc(n2)N(C)c3ccc4c(n(nc4c3)C)C,CUIHSIWYWATEQL-UHFFFAOYSA-N,CHEMBL477772,http://www.icoa.fr/pkidb/static/img/mol/Pazopanib.svg
281,Pazopanib,FGFR3,0,437.2,3.1,119,8,2,5,Cc1ccc(cc1S(=O)(=O)N)Nc2nccc(n2)N(C)c3ccc4c(n(nc4c3)C)C,CUIHSIWYWATEQL-UHFFFAOYSA-N,CHEMBL477772,http://www.icoa.fr/pkidb/static/img/mol/Pazopanib.svg
282,Pazopanib,ITK,0,437.2,3.1,119,8,2,5,Cc1ccc(cc1S(=O)(=O)N)Nc2nccc(n2)N(C)c3ccc4c(n(nc4c3)C)C,CUIHSIWYWATEQL-UHFFFAOYSA-N,CHEMBL477772,http://www.icoa.fr/pkidb/static/img/mol/Pazopanib.svg
283,Pazopanib,FGFR1,0,437.2,3.1,119,8,2,5,Cc1ccc(cc1S(=O)(=O)N)Nc2nccc(n2)N(C)c3ccc4c(n(nc4c3)C)C,CUIHSIWYWATEQL-UHFFFAOYSA-N,CHEMBL477772,http://www.icoa.fr/pkidb/static/img/mol/Pazopanib.svg
284,Pelitinib,EGFR,1,467.2,5.1,90.3,6,2,8,CCOc1cc2c(cc1NC(=O)/C=C/CN(C)C)c(c(cn2)C#N)Nc3ccc(c(c3)Cl)F,WVUNYSQLFKLYNI-AATRIKPKSA-N,CHEMBL607707,http://www.icoa.fr/pkidb/static/img/mol/Pelitinib.svg
285,Pelitinib,ERBB2,1,467.2,5.1,90.3,6,2,8,CCOc1cc2c(cc1NC(=O)/C=C/CN(C)C)c(c(cn2)C#N)Nc3ccc(c(c3)Cl)F,WVUNYSQLFKLYNI-AATRIKPKSA-N,CHEMBL607707,http://www.icoa.fr/pkidb/static/img/mol/Pelitinib.svg
286,Pexidartinib,FLT3,1,417.1,5.2,66.5,4,2,5,c1cc(ncc1Cc2c[nH]c3c2cc(cn3)Cl)NCc4ccc(nc4)C(F)(F)F,JGWRKYUXBBNENE-UHFFFAOYSA-N,CHEMBL3813873,http://www.icoa.fr/pkidb/static/img/mol/Pexidartinib.svg
287,Pexidartinib,KIT,1,417.1,5.2,66.5,4,2,5,c1cc(ncc1Cc2c[nH]c3c2cc(cn3)Cl)NCc4ccc(nc4)C(F)(F)F,JGWRKYUXBBNENE-UHFFFAOYSA-N,CHEMBL3813873,http://www.icoa.fr/pkidb/static/img/mol/Pexidartinib.svg
288,Pexidartinib,CSF1R,1,417.1,5.2,66.5,4,2,5,c1cc(ncc1Cc2c[nH]c3c2cc(cn3)Cl)NCc4ccc(nc4)C(F)(F)F,JGWRKYUXBBNENE-UHFFFAOYSA-N,CHEMBL3813873,http://www.icoa.fr/pkidb/static/img/mol/Pexidartinib.svg
289,Pexmetinib,MAPK14,2,556.3,6.1,106.2,7,3,8,Cc1ccc(cc1)n2c(cc(n2)C(C)(C)C)NC(=O)NCc3cc(ccc3Oc4ccc5c(c4)cnn5CCO)F,LNMRSSIMGCDUTP-UHFFFAOYSA-N,CHEMBL3991932,http://www.icoa.fr/pkidb/static/img/mol/Pexmetinib.svg
290,Pexmetinib,TEK,2,556.3,6.1,106.2,7,3,8,Cc1ccc(cc1)n2c(cc(n2)C(C)(C)C)NC(=O)NCc3cc(ccc3Oc4ccc5c(c4)cnn5CCO)F,LNMRSSIMGCDUTP-UHFFFAOYSA-N,CHEMBL3991932,http://www.icoa.fr/pkidb/static/img/mol/Pexmetinib.svg
291,Pictilisib,PIK3CA,1,513.2,2.1,107.6,9,1,5,CS(=O)(=O)N1CCN(CC1)Cc2cc3c(s2)c(nc(n3)c4cccc5c4cn[nH]5)N6CCOCC6,LHNIIDJUOCFXAP-UHFFFAOYSA-N,CHEMBL521851,http://www.icoa.fr/pkidb/static/img/mol/Pictilisib.svg
292,Pictilisib,PIK3CB,1,513.2,2.1,107.6,9,1,5,CS(=O)(=O)N1CCN(CC1)Cc2cc3c(s2)c(nc(n3)c4cccc5c4cn[nH]5)N6CCOCC6,LHNIIDJUOCFXAP-UHFFFAOYSA-N,CHEMBL521851,http://www.icoa.fr/pkidb/static/img/mol/Pictilisib.svg
293,Pictilisib,PIK3CD,1,513.2,2.1,107.6,9,1,5,CS(=O)(=O)N1CCN(CC1)Cc2cc3c(s2)c(nc(n3)c4cccc5c4cn[nH]5)N6CCOCC6,LHNIIDJUOCFXAP-UHFFFAOYSA-N,CHEMBL521851,http://www.icoa.fr/pkidb/static/img/mol/Pictilisib.svg
294,Pictilisib,PIK3CG,1,513.2,2.1,107.6,9,1,5,CS(=O)(=O)N1CCN(CC1)Cc2cc3c(s2)c(nc(n3)c4cccc5c4cn[nH]5)N6CCOCC6,LHNIIDJUOCFXAP-UHFFFAOYSA-N,CHEMBL521851,http://www.icoa.fr/pkidb/static/img/mol/Pictilisib.svg
295,Pilaralisib,PIK3CA,1,540.1,4.5,148.3,8,4,8,CC(C)(C(=O)Nc1cccc(c1)S(=O)(=O)Nc2c(nc3ccccc3n2)Nc4cc(ccc4Cl)OC)N,QINPEPAQOBZPOF-UHFFFAOYSA-N,CHEMBL3360203,http://www.icoa.fr/pkidb/static/img/mol/Pilaralisib.svg
296,Pilaralisib,PIK3CB,1,540.1,4.5,148.3,8,4,8,CC(C)(C(=O)Nc1cccc(c1)S(=O)(=O)Nc2c(nc3ccccc3n2)Nc4cc(ccc4Cl)OC)N,QINPEPAQOBZPOF-UHFFFAOYSA-N,CHEMBL3360203,http://www.icoa.fr/pkidb/static/img/mol/Pilaralisib.svg
297,Pilaralisib,PIK3CD,1,540.1,4.5,148.3,8,4,8,CC(C)(C(=O)Nc1cccc(c1)S(=O)(=O)Nc2c(nc3ccccc3n2)Nc4cc(ccc4Cl)OC)N,QINPEPAQOBZPOF-UHFFFAOYSA-N,CHEMBL3360203,http://www.icoa.fr/pkidb/static/img/mol/Pilaralisib.svg
298,Pilaralisib,PIK3CG,1,540.1,4.5,148.3,8,4,8,CC(C)(C(=O)Nc1cccc(c1)S(=O)(=O)Nc2c(nc3ccccc3n2)Nc4cc(ccc4Cl)OC)N,QINPEPAQOBZPOF-UHFFFAOYSA-N,CHEMBL3360203,http://www.icoa.fr/pkidb/static/img/mol/Pilaralisib.svg
299,Pimasertib,MAP2K1,0,431,1.7,94.5,5,4,6,c1cc(c(cc1I)F)Nc2cnccc2C(=O)NC[C@@H](CO)O,VIUAUNHCRHHYNE-JTQLQIEISA-N,CHEMBL2107832,http://www.icoa.fr/pkidb/static/img/mol/Pimasertib.svg
300,Pimasertib,MAP2K2,0,431,1.7,94.5,5,4,6,c1cc(c(cc1I)F)Nc2cnccc2C(=O)NC[C@@H](CO)O,VIUAUNHCRHHYNE-JTQLQIEISA-N,CHEMBL2107832,http://www.icoa.fr/pkidb/static/img/mol/Pimasertib.svg
301,Ponatinib,ABL1,1,532.2,4.5,65.8,6,1,4,Cc1ccc(cc1C#Cc2cnc3n2nccc3)C(=O)Nc4ccc(c(c4)C(F)(F)F)CN5CCN(CC5)C,PHXJVRSECIGDHY-UHFFFAOYSA-N,CHEMBL1171837,http://www.icoa.fr/pkidb/static/img/mol/Ponatinib.svg
302,Ponatinib,BCR,1,532.2,4.5,65.8,6,1,4,Cc1ccc(cc1C#Cc2cnc3n2nccc3)C(=O)Nc4ccc(c(c4)C(F)(F)F)CN5CCN(CC5)C,PHXJVRSECIGDHY-UHFFFAOYSA-N,CHEMBL1171837,http://www.icoa.fr/pkidb/static/img/mol/Ponatinib.svg
303,Ponatinib,KIT,1,532.2,4.5,65.8,6,1,4,Cc1ccc(cc1C#Cc2cnc3n2nccc3)C(=O)Nc4ccc(c(c4)C(F)(F)F)CN5CCN(CC5)C,PHXJVRSECIGDHY-UHFFFAOYSA-N,CHEMBL1171837,http://www.icoa.fr/pkidb/static/img/mol/Ponatinib.svg
304,Ponatinib,RET,1,532.2,4.5,65.8,6,1,4,Cc1ccc(cc1C#Cc2cnc3n2nccc3)C(=O)Nc4ccc(c(c4)C(F)(F)F)CN5CCN(CC5)C,PHXJVRSECIGDHY-UHFFFAOYSA-N,CHEMBL1171837,http://www.icoa.fr/pkidb/static/img/mol/Ponatinib.svg
305,Ponatinib,TEK,1,532.2,4.5,65.8,6,1,4,Cc1ccc(cc1C#Cc2cnc3n2nccc3)C(=O)Nc4ccc(c(c4)C(F)(F)F)CN5CCN(CC5)C,PHXJVRSECIGDHY-UHFFFAOYSA-N,CHEMBL1171837,http://www.icoa.fr/pkidb/static/img/mol/Ponatinib.svg
306,Ponatinib,FLT3,1,532.2,4.5,65.8,6,1,4,Cc1ccc(cc1C#Cc2cnc3n2nccc3)C(=O)Nc4ccc(c(c4)C(F)(F)F)CN5CCN(CC5)C,PHXJVRSECIGDHY-UHFFFAOYSA-N,CHEMBL1171837,http://www.icoa.fr/pkidb/static/img/mol/Ponatinib.svg
307,Ponatinib,FGFR1,1,532.2,4.5,65.8,6,1,4,Cc1ccc(cc1C#Cc2cnc3n2nccc3)C(=O)Nc4ccc(c(c4)C(F)(F)F)CN5CCN(CC5)C,PHXJVRSECIGDHY-UHFFFAOYSA-N,CHEMBL1171837,http://www.icoa.fr/pkidb/static/img/mol/Ponatinib.svg
308,Ponatinib,FGFR2,1,532.2,4.5,65.8,6,1,4,Cc1ccc(cc1C#Cc2cnc3n2nccc3)C(=O)Nc4ccc(c(c4)C(F)(F)F)CN5CCN(CC5)C,PHXJVRSECIGDHY-UHFFFAOYSA-N,CHEMBL1171837,http://www.icoa.fr/pkidb/static/img/mol/Ponatinib.svg
309,Ponatinib,FGFR3,1,532.2,4.5,65.8,6,1,4,Cc1ccc(cc1C#Cc2cnc3n2nccc3)C(=O)Nc4ccc(c(c4)C(F)(F)F)CN5CCN(CC5)C,PHXJVRSECIGDHY-UHFFFAOYSA-N,CHEMBL1171837,http://www.icoa.fr/pkidb/static/img/mol/Ponatinib.svg
310,Ponatinib,FGFR4,1,532.2,4.5,65.8,6,1,4,Cc1ccc(cc1C#Cc2cnc3n2nccc3)C(=O)Nc4ccc(c(c4)C(F)(F)F)CN5CCN(CC5)C,PHXJVRSECIGDHY-UHFFFAOYSA-N,CHEMBL1171837,http://www.icoa.fr/pkidb/static/img/mol/Ponatinib.svg
311,Ponatinib,LCK,1,532.2,4.5,65.8,6,1,4,Cc1ccc(cc1C#Cc2cnc3n2nccc3)C(=O)Nc4ccc(c(c4)C(F)(F)F)CN5CCN(CC5)C,PHXJVRSECIGDHY-UHFFFAOYSA-N,CHEMBL1171837,http://www.icoa.fr/pkidb/static/img/mol/Ponatinib.svg
312,Ponatinib,SRC,1,532.2,4.5,65.8,6,1,4,Cc1ccc(cc1C#Cc2cnc3n2nccc3)C(=O)Nc4ccc(c(c4)C(F)(F)F)CN5CCN(CC5)C,PHXJVRSECIGDHY-UHFFFAOYSA-N,CHEMBL1171837,http://www.icoa.fr/pkidb/static/img/mol/Ponatinib.svg
313,Ponatinib,LYN,1,532.2,4.5,65.8,6,1,4,Cc1ccc(cc1C#Cc2cnc3n2nccc3)C(=O)Nc4ccc(c(c4)C(F)(F)F)CN5CCN(CC5)C,PHXJVRSECIGDHY-UHFFFAOYSA-N,CHEMBL1171837,http://www.icoa.fr/pkidb/static/img/mol/Ponatinib.svg
314,Ponatinib,KDR,1,532.2,4.5,65.8,6,1,4,Cc1ccc(cc1C#Cc2cnc3n2nccc3)C(=O)Nc4ccc(c(c4)C(F)(F)F)CN5CCN(CC5)C,PHXJVRSECIGDHY-UHFFFAOYSA-N,CHEMBL1171837,http://www.icoa.fr/pkidb/static/img/mol/Ponatinib.svg
315,Ponatinib,PDGFRA,1,532.2,4.5,65.8,6,1,4,Cc1ccc(cc1C#Cc2cnc3n2nccc3)C(=O)Nc4ccc(c(c4)C(F)(F)F)CN5CCN(CC5)C,PHXJVRSECIGDHY-UHFFFAOYSA-N,CHEMBL1171837,http://www.icoa.fr/pkidb/static/img/mol/Ponatinib.svg
316,Poziotinib,EGFR,1,490.1,5.4,76.6,6,1,6,COc1cc2c(cc1OC3CCN(CC3)C(=O)C=C)c(ncn2)Nc4ccc(c(c4F)Cl)Cl,LPFWVDIFUFFKJU-UHFFFAOYSA-N,CHEMBL3545154,http://www.icoa.fr/pkidb/static/img/mol/Poziotinib.svg
317,Prexasertib,CHEK1,0,365.2,2.2,134.8,8,3,8,COc1cccc(c1c2cc(n[nH]2)Nc3cnc(cn3)C#N)OCCCN,DOTGPNHGTYJDEP-UHFFFAOYSA-N,CHEMBL3544911,http://www.icoa.fr/pkidb/static/img/mol/Prexasertib.svg
318,Prexasertib,CHEK2,0,365.2,2.2,134.8,8,3,8,COc1cccc(c1c2cc(n[nH]2)Nc3cnc(cn3)C#N)OCCCN,DOTGPNHGTYJDEP-UHFFFAOYSA-N,CHEMBL3544911,http://www.icoa.fr/pkidb/static/img/mol/Prexasertib.svg
319,Pyrotinib,EGFR,2,582.2,6.5,112.4,8,2,10,CCOc1cc2c(cc1NC(=O)/C=C/[C@H]3CCCN3C)c(c(cn2)C#N)Nc4ccc(c(c4)Cl)OCc5ccccn5,SADXACCFNXBCFY-IYNHSRRRSA-N,CHEMBL3647420,http://www.icoa.fr/pkidb/static/img/mol/Pyrotinib.svg
320,Pyrotinib,ERBB2,2,582.2,6.5,112.4,8,2,10,CCOc1cc2c(cc1NC(=O)/C=C/[C@H]3CCCN3C)c(c(cn2)C#N)Nc4ccc(c(c4)Cl)OCc5ccccn5,SADXACCFNXBCFY-IYNHSRRRSA-N,CHEMBL3647420,http://www.icoa.fr/pkidb/static/img/mol/Pyrotinib.svg
321,Quizartinib,FLT3,2,560.2,5.9,106.2,9,2,7,CC(C)(C)c1cc(no1)NC(=O)Nc2ccc(cc2)c3cn4c5ccc(cc5sc4n3)OCCN6CCOCC6,CVWXJKQAOSCOAB-UHFFFAOYSA-N,CHEMBL576982,http://www.icoa.fr/pkidb/static/img/mol/Quizartinib.svg
322,Quizartinib,CSF1R,2,560.2,5.9,106.2,9,2,7,CC(C)(C)c1cc(no1)NC(=O)Nc2ccc(cc2)c3cn4c5ccc(cc5sc4n3)OCCN6CCOCC6,CVWXJKQAOSCOAB-UHFFFAOYSA-N,CHEMBL576982,http://www.icoa.fr/pkidb/static/img/mol/Quizartinib.svg
323,Quizartinib,KIT,2,560.2,5.9,106.2,9,2,7,CC(C)(C)c1cc(no1)NC(=O)Nc2ccc(cc2)c3cn4c5ccc(cc5sc4n3)OCCN6CCOCC6,CVWXJKQAOSCOAB-UHFFFAOYSA-N,CHEMBL576982,http://www.icoa.fr/pkidb/static/img/mol/Quizartinib.svg
324,Rabusertib,CHEK1,0,435.1,2.9,97.4,6,3,5,Cc1cc(c(cc1Br)NC(=O)Nc2cnc(cn2)C)OC[C@@H]3CNCCO3,SYYBDNPGDKKJDU-ZDUSSCGKSA-N,CHEMBL3039517,http://www.icoa.fr/pkidb/static/img/mol/Rabusertib.svg
325,Ralimetinib,MAPK14,1,420.2,5.6,85.4,5,2,3,CC(C)(C)Cn1c2c(ccc(n2)c3c(nc([nH]3)C(C)(C)C)c4ccc(cc4)F)nc1N,XPPBBJCBDOEXDN-UHFFFAOYSA-N,CHEMBL2364626,http://www.icoa.fr/pkidb/static/img/mol/Ralimetinib.svg
326,Ralimetinib,MAPK11,1,420.2,5.6,85.4,5,2,3,CC(C)(C)Cn1c2c(ccc(n2)c3c(nc([nH]3)C(C)(C)C)c4ccc(cc4)F)nc1N,XPPBBJCBDOEXDN-UHFFFAOYSA-N,CHEMBL2364626,http://www.icoa.fr/pkidb/static/img/mol/Ralimetinib.svg
327,Rebastinib,FLT3,2,553.2,6,123.1,7,3,6,CC(C)(C)c1cc(n(n1)c2ccc3c(c2)cccn3)NC(=O)Nc4ccc(cc4F)Oc5ccnc(c5)C(=O)NC,WVXNSAVVKYZVOE-UHFFFAOYSA-N,CHEMBL1738757,http://www.icoa.fr/pkidb/static/img/mol/Rebastinib.svg
328,Rebastinib,TEK,2,553.2,6,123.1,7,3,6,CC(C)(C)c1cc(n(n1)c2ccc3c(c2)cccn3)NC(=O)Nc4ccc(cc4F)Oc5ccnc(c5)C(=O)NC,WVXNSAVVKYZVOE-UHFFFAOYSA-N,CHEMBL1738757,http://www.icoa.fr/pkidb/static/img/mol/Rebastinib.svg
329,Rebastinib,KDR,2,553.2,6,123.1,7,3,6,CC(C)(C)c1cc(n(n1)c2ccc3c(c2)cccn3)NC(=O)Nc4ccc(cc4F)Oc5ccnc(c5)C(=O)NC,WVXNSAVVKYZVOE-UHFFFAOYSA-N,CHEMBL1738757,http://www.icoa.fr/pkidb/static/img/mol/Rebastinib.svg
330,Rebastinib,LYN,2,553.2,6,123.1,7,3,6,CC(C)(C)c1cc(n(n1)c2ccc3c(c2)cccn3)NC(=O)Nc4ccc(cc4F)Oc5ccnc(c5)C(=O)NC,WVXNSAVVKYZVOE-UHFFFAOYSA-N,CHEMBL1738757,http://www.icoa.fr/pkidb/static/img/mol/Rebastinib.svg
331,Rebastinib,BCR,2,553.2,6,123.1,7,3,6,CC(C)(C)c1cc(n(n1)c2ccc3c(c2)cccn3)NC(=O)Nc4ccc(cc4F)Oc5ccnc(c5)C(=O)NC,WVXNSAVVKYZVOE-UHFFFAOYSA-N,CHEMBL1738757,http://www.icoa.fr/pkidb/static/img/mol/Rebastinib.svg
332,Rebastinib,ABL1,2,553.2,6,123.1,7,3,6,CC(C)(C)c1cc(n(n1)c2ccc3c(c2)cccn3)NC(=O)Nc4ccc(cc4F)Oc5ccnc(c5)C(=O)NC,WVXNSAVVKYZVOE-UHFFFAOYSA-N,CHEMBL1738757,http://www.icoa.fr/pkidb/static/img/mol/Rebastinib.svg
333,Rebastinib,NTRK1,2,553.2,6,123.1,7,3,6,CC(C)(C)c1cc(n(n1)c2ccc3c(c2)cccn3)NC(=O)Nc4ccc(cc4F)Oc5ccnc(c5)C(=O)NC,WVXNSAVVKYZVOE-UHFFFAOYSA-N,CHEMBL1738757,http://www.icoa.fr/pkidb/static/img/mol/Rebastinib.svg
334,Refametinib,MAP2K1,1,572,3.5,107.9,6,4,9,COc1cc(c(c(c1NS(=O)(=O)C2(CC2)C[C@@H](CO)O)Nc3ccc(cc3F)I)F)F,RDSACQWTXKSHJT-NSHDSACASA-N,CHEMBL1236682,http://www.icoa.fr/pkidb/static/img/mol/Refametinib.svg
335,Regorafenib,FLT1,1,482.1,5.7,92.3,4,3,5,CNC(=O)c1cc(ccn1)Oc2ccc(c(c2)F)NC(=O)Nc3ccc(c(c3)C(F)(F)F)Cl,FNHKPVJBJVTLMP-UHFFFAOYSA-N,CHEMBL1946170,http://www.icoa.fr/pkidb/static/img/mol/Regorafenib.svg
336,Regorafenib,KDR,1,482.1,5.7,92.3,4,3,5,CNC(=O)c1cc(ccn1)Oc2ccc(c(c2)F)NC(=O)Nc3ccc(c(c3)C(F)(F)F)Cl,FNHKPVJBJVTLMP-UHFFFAOYSA-N,CHEMBL1946170,http://www.icoa.fr/pkidb/static/img/mol/Regorafenib.svg
337,Regorafenib,FLT4,1,482.1,5.7,92.3,4,3,5,CNC(=O)c1cc(ccn1)Oc2ccc(c(c2)F)NC(=O)Nc3ccc(c(c3)C(F)(F)F)Cl,FNHKPVJBJVTLMP-UHFFFAOYSA-N,CHEMBL1946170,http://www.icoa.fr/pkidb/static/img/mol/Regorafenib.svg
338,Regorafenib,KIT,1,482.1,5.7,92.3,4,3,5,CNC(=O)c1cc(ccn1)Oc2ccc(c(c2)F)NC(=O)Nc3ccc(c(c3)C(F)(F)F)Cl,FNHKPVJBJVTLMP-UHFFFAOYSA-N,CHEMBL1946170,http://www.icoa.fr/pkidb/static/img/mol/Regorafenib.svg
339,Regorafenib,PDGFRA,1,482.1,5.7,92.3,4,3,5,CNC(=O)c1cc(ccn1)Oc2ccc(c(c2)F)NC(=O)Nc3ccc(c(c3)C(F)(F)F)Cl,FNHKPVJBJVTLMP-UHFFFAOYSA-N,CHEMBL1946170,http://www.icoa.fr/pkidb/static/img/mol/Regorafenib.svg
340,Regorafenib,PDGFRB,1,482.1,5.7,92.3,4,3,5,CNC(=O)c1cc(ccn1)Oc2ccc(c(c2)F)NC(=O)Nc3ccc(c(c3)C(F)(F)F)Cl,FNHKPVJBJVTLMP-UHFFFAOYSA-N,CHEMBL1946170,http://www.icoa.fr/pkidb/static/img/mol/Regorafenib.svg
341,Regorafenib,FGFR1,1,482.1,5.7,92.3,4,3,5,CNC(=O)c1cc(ccn1)Oc2ccc(c(c2)F)NC(=O)Nc3ccc(c(c3)C(F)(F)F)Cl,FNHKPVJBJVTLMP-UHFFFAOYSA-N,CHEMBL1946170,http://www.icoa.fr/pkidb/static/img/mol/Regorafenib.svg
342,Regorafenib,FGFR2,1,482.1,5.7,92.3,4,3,5,CNC(=O)c1cc(ccn1)Oc2ccc(c(c2)F)NC(=O)Nc3ccc(c(c3)C(F)(F)F)Cl,FNHKPVJBJVTLMP-UHFFFAOYSA-N,CHEMBL1946170,http://www.icoa.fr/pkidb/static/img/mol/Regorafenib.svg
343,Regorafenib,TEK,1,482.1,5.7,92.3,4,3,5,CNC(=O)c1cc(ccn1)Oc2ccc(c(c2)F)NC(=O)Nc3ccc(c(c3)C(F)(F)F)Cl,FNHKPVJBJVTLMP-UHFFFAOYSA-N,CHEMBL1946170,http://www.icoa.fr/pkidb/static/img/mol/Regorafenib.svg
344,Regorafenib,DDR2,1,482.1,5.7,92.3,4,3,5,CNC(=O)c1cc(ccn1)Oc2ccc(c(c2)F)NC(=O)Nc3ccc(c(c3)C(F)(F)F)Cl,FNHKPVJBJVTLMP-UHFFFAOYSA-N,CHEMBL1946170,http://www.icoa.fr/pkidb/static/img/mol/Regorafenib.svg
345,Regorafenib,NTRK1,1,482.1,5.7,92.3,4,3,5,CNC(=O)c1cc(ccn1)Oc2ccc(c(c2)F)NC(=O)Nc3ccc(c(c3)C(F)(F)F)Cl,FNHKPVJBJVTLMP-UHFFFAOYSA-N,CHEMBL1946170,http://www.icoa.fr/pkidb/static/img/mol/Regorafenib.svg
346,Regorafenib,EPHA2,1,482.1,5.7,92.3,4,3,5,CNC(=O)c1cc(ccn1)Oc2ccc(c(c2)F)NC(=O)Nc3ccc(c(c3)C(F)(F)F)Cl,FNHKPVJBJVTLMP-UHFFFAOYSA-N,CHEMBL1946170,http://www.icoa.fr/pkidb/static/img/mol/Regorafenib.svg
347,Regorafenib,RAF1,1,482.1,5.7,92.3,4,3,5,CNC(=O)c1cc(ccn1)Oc2ccc(c(c2)F)NC(=O)Nc3ccc(c(c3)C(F)(F)F)Cl,FNHKPVJBJVTLMP-UHFFFAOYSA-N,CHEMBL1946170,http://www.icoa.fr/pkidb/static/img/mol/Regorafenib.svg
348,Regorafenib,BRAF,1,482.1,5.7,92.3,4,3,5,CNC(=O)c1cc(ccn1)Oc2ccc(c(c2)F)NC(=O)Nc3ccc(c(c3)C(F)(F)F)Cl,FNHKPVJBJVTLMP-UHFFFAOYSA-N,CHEMBL1946170,http://www.icoa.fr/pkidb/static/img/mol/Regorafenib.svg
349,Regorafenib,MAPK11,1,482.1,5.7,92.3,4,3,5,CNC(=O)c1cc(ccn1)Oc2ccc(c(c2)F)NC(=O)Nc3ccc(c(c3)C(F)(F)F)Cl,FNHKPVJBJVTLMP-UHFFFAOYSA-N,CHEMBL1946170,http://www.icoa.fr/pkidb/static/img/mol/Regorafenib.svg
350,Regorafenib,FRK,1,482.1,5.7,92.3,4,3,5,CNC(=O)c1cc(ccn1)Oc2ccc(c(c2)F)NC(=O)Nc3ccc(c(c3)C(F)(F)F)Cl,FNHKPVJBJVTLMP-UHFFFAOYSA-N,CHEMBL1946170,http://www.icoa.fr/pkidb/static/img/mol/Regorafenib.svg
351,Regorafenib,ABL1,1,482.1,5.7,92.3,4,3,5,CNC(=O)c1cc(ccn1)Oc2ccc(c(c2)F)NC(=O)Nc3ccc(c(c3)C(F)(F)F)Cl,FNHKPVJBJVTLMP-UHFFFAOYSA-N,CHEMBL1946170,http://www.icoa.fr/pkidb/static/img/mol/Regorafenib.svg
352,Regorafenib,RET,1,482.1,5.7,92.3,4,3,5,CNC(=O)c1cc(ccn1)Oc2ccc(c(c2)F)NC(=O)Nc3ccc(c(c3)C(F)(F)F)Cl,FNHKPVJBJVTLMP-UHFFFAOYSA-N,CHEMBL1946170,http://www.icoa.fr/pkidb/static/img/mol/Regorafenib.svg
353,Ribociclib,CDK4,0,434.3,2.8,91.2,8,2,5,CN(C)C(=O)c1cc2cnc(nc2n1C3CCCC3)Nc4ccc(cn4)N5CCNCC5,RHXHGRAEPCAFML-UHFFFAOYSA-N,CHEMBL3545110,http://www.icoa.fr/pkidb/static/img/mol/Ribociclib.svg
354,Ribociclib,CDK6,0,434.3,2.8,91.2,8,2,5,CN(C)C(=O)c1cc2cnc(nc2n1C3CCCC3)Nc4ccc(cn4)N5CCNCC5,RHXHGRAEPCAFML-UHFFFAOYSA-N,CHEMBL3545110,http://www.icoa.fr/pkidb/static/img/mol/Ribociclib.svg
355,Rigosertib,PIK3CA,0,451.1,2.8,120.4,8,2,11,COc1ccc(cc1NCC(=O)O)CS(=O)(=O)/C=C/c2c(cc(cc2OC)OC)OC,OWBFCJROIKNMGD-BQYQJAHWSA-N,CHEMBL1241855,http://www.icoa.fr/pkidb/static/img/mol/Rigosertib.svg
356,Rigosertib,PLK1,0,451.1,2.8,120.4,8,2,11,COc1ccc(cc1NCC(=O)O)CS(=O)(=O)/C=C/c2c(cc(cc2OC)OC)OC,OWBFCJROIKNMGD-BQYQJAHWSA-N,CHEMBL1241855,http://www.icoa.fr/pkidb/static/img/mol/Rigosertib.svg
357,Riviciclib,CDK1,0,401.1,3.3,94.1,6,3,3,CN1CC[C@H]([C@@H]1CO)c2c(cc(c3c2oc(cc3=O)c4ccccc4Cl)O)O,QLUYMIVVAYRECT-OCCSQVGLSA-N,CHEMBL3969723,http://www.icoa.fr/pkidb/static/img/mol/Riviciclib.svg
358,Riviciclib,CDK4,0,401.1,3.3,94.1,6,3,3,CN1CC[C@H]([C@@H]1CO)c2c(cc(c3c2oc(cc3=O)c4ccccc4Cl)O)O,QLUYMIVVAYRECT-OCCSQVGLSA-N,CHEMBL3969723,http://www.icoa.fr/pkidb/static/img/mol/Riviciclib.svg
359,Riviciclib,CDK9,0,401.1,3.3,94.1,6,3,3,CN1CC[C@H]([C@@H]1CO)c2c(cc(c3c2oc(cc3=O)c4ccccc4Cl)O)O,QLUYMIVVAYRECT-OCCSQVGLSA-N,CHEMBL3969723,http://www.icoa.fr/pkidb/static/img/mol/Riviciclib.svg
360,Rociletinib,EGFR,1,555.2,4.8,111.7,8,3,8,CC(=O)N1CCN(CC1)c2ccc(c(c2)OC)Nc3ncc(c(n3)Nc4cccc(c4)NC(=O)C=C)C(F)(F)F,HUFOZJXAKZVRNJ-UHFFFAOYSA-N,CHEMBL3545308,http://www.icoa.fr/pkidb/static/img/mol/Rociletinib.svg
361,Ruxolitinib,JAK1,0,306.2,3.5,83.2,5,1,4,c1c[nH]c2c1c(ncn2)c3cnn(c3)[C@H](CC#N)C4CCCC4,HFNKQEVNSGCOJV-OAHLLOKOSA-N,CHEMBL1789941,http://www.icoa.fr/pkidb/static/img/mol/Ruxolitinib.svg
362,Ruxolitinib,JAK2,0,306.2,3.5,83.2,5,1,4,c1c[nH]c2c1c(ncn2)c3cnn(c3)[C@H](CC#N)C4CCCC4,HFNKQEVNSGCOJV-OAHLLOKOSA-N,CHEMBL1789941,http://www.icoa.fr/pkidb/static/img/mol/Ruxolitinib.svg
363,Sapanisertib,MTOR,0,309.1,2.4,121.7,8,2,2,CC(C)n1c2c(c(n1)c3ccc4c(c3)nc(o4)N)c(ncn2)N,GYLDXIAOMVERTK-UHFFFAOYSA-N,CHEMBL3545097,http://www.icoa.fr/pkidb/static/img/mol/Sapanisertib.svg
364,Sapitinib,EGFR,0,473.2,3.8,88.6,7,2,7,CNC(=O)CN1CCC(CC1)Oc2cc3c(cc2OC)ncnc3Nc4cccc(c4F)Cl,DFJSJLGUIXFDJP-UHFFFAOYSA-N,CHEMBL2408045,http://www.icoa.fr/pkidb/static/img/mol/Sapitinib.svg
365,Sapitinib,ERBB2,0,473.2,3.8,88.6,7,2,7,CNC(=O)CN1CCC(CC1)Oc2cc3c(cc2OC)ncnc3Nc4cccc(c4F)Cl,DFJSJLGUIXFDJP-UHFFFAOYSA-N,CHEMBL2408045,http://www.icoa.fr/pkidb/static/img/mol/Sapitinib.svg
366,Sapitinib,ERBB4,0,473.2,3.8,88.6,7,2,7,CNC(=O)CN1CCC(CC1)Oc2cc3c(cc2OC)ncnc3Nc4cccc(c4F)Cl,DFJSJLGUIXFDJP-UHFFFAOYSA-N,CHEMBL2408045,http://www.icoa.fr/pkidb/static/img/mol/Sapitinib.svg
367,Sapitinib,ERBB3,0,473.2,3.8,88.6,7,2,7,CNC(=O)CN1CCC(CC1)Oc2cc3c(cc2OC)ncnc3Nc4cccc(c4F)Cl,DFJSJLGUIXFDJP-UHFFFAOYSA-N,CHEMBL2408045,http://www.icoa.fr/pkidb/static/img/mol/Sapitinib.svg
368,Saracatinib,SRC,1,541.2,3.9,90.4,10,1,8,CN1CCN(CC1)CCOc2cc3c(c(c2)OC4CCOCC4)c(ncn3)Nc5c(ccc6c5OCO6)Cl,OUKYUETWWIPKQR-UHFFFAOYSA-N,CHEMBL217092,http://www.icoa.fr/pkidb/static/img/mol/Saracatinib.svg
369,Saracatinib,ABL1,1,541.2,3.9,90.4,10,1,8,CN1CCN(CC1)CCOc2cc3c(c(c2)OC4CCOCC4)c(ncn3)Nc5c(ccc6c5OCO6)Cl,OUKYUETWWIPKQR-UHFFFAOYSA-N,CHEMBL217092,http://www.icoa.fr/pkidb/static/img/mol/Saracatinib.svg
370,Savolitinib,MET,0,345.1,1.9,91.6,9,0,3,C[C@@H](c1ccc2nccn2c1)n3c4c(ncc(n4)c5cnn(c5)C)nn3,XYDNMOZJKOGZLS-NSHDSACASA-N,CHEMBL3334567,http://www.icoa.fr/pkidb/static/img/mol/Savolitinib.svg
371,Selatinib,EGFR,2,564.1,6.5,89.3,7,2,11,CS(=O)CCNCc1ccc(o1)c2ccc3c(c2)c(ncn3)Nc4ccc(c(c4)Cl)OCc5cccc(c5)F,OAMVGUFHZPRXOM-UHFFFAOYSA-N,CHEMBL3040548,http://www.icoa.fr/pkidb/static/img/mol/Selatinib.svg
372,Selatinib,ERBB2,2,564.1,6.5,89.3,7,2,11,CS(=O)CCNCc1ccc(o1)c2ccc3c(c2)c(ncn3)Nc4ccc(c(c4)Cl)OCc5cccc(c5)F,OAMVGUFHZPRXOM-UHFFFAOYSA-N,CHEMBL3040548,http://www.icoa.fr/pkidb/static/img/mol/Selatinib.svg
373,Seliciclib,CDK2,0,354.2,3.2,87.9,7,3,8,CC[C@H](CO)Nc1nc(NCc2ccccc2)c3ncn(C(C)C)c3n1,BTIHMVBBUGXLCJ-OAHLLOKOSA-N,CHEMBL14762,http://www.icoa.fr/pkidb/static/img/mol/Seliciclib.svg
374,Seliciclib,CDK7,0,354.2,3.2,87.9,7,3,8,CC[C@H](CO)Nc1nc(NCc2ccccc2)c3ncn(C(C)C)c3n1,BTIHMVBBUGXLCJ-OAHLLOKOSA-N,CHEMBL14762,http://www.icoa.fr/pkidb/static/img/mol/Seliciclib.svg
375,Seliciclib,CDK9,0,354.2,3.2,87.9,7,3,8,CC[C@H](CO)Nc1nc(NCc2ccccc2)c3ncn(C(C)C)c3n1,BTIHMVBBUGXLCJ-OAHLLOKOSA-N,CHEMBL14762,http://www.icoa.fr/pkidb/static/img/mol/Seliciclib.svg
376,Selonsertib,MAP3K5,0,445.2,4.7,90.5,7,1,6,Cc1cc(c(cc1n2cc(nc2)C3CC3)C(=O)Nc4cccc(n4)c5nncn5C(C)C)F,YIDDLAAKOYYGJG-UHFFFAOYSA-N,CHEMBL3916717,http://www.icoa.fr/pkidb/static/img/mol/Selonsertib.svg
377,Selumetinib,MAP2K1,0,456,3.5,88.4,6,3,6,Cn1cnc2c1cc(c(c2F)Nc3ccc(cc3Cl)Br)C(=O)NOCCO,CYOHGALHFOKKQC-UHFFFAOYSA-N,CHEMBL1614701,http://www.icoa.fr/pkidb/static/img/mol/Selumetinib.svg
378,Selumetinib,MAP2K2,0,456,3.5,88.4,6,3,6,Cn1cnc2c1cc(c(c2F)Nc3ccc(cc3Cl)Br)C(=O)NOCCO,CYOHGALHFOKKQC-UHFFFAOYSA-N,CHEMBL1614701,http://www.icoa.fr/pkidb/static/img/mol/Selumetinib.svg
379,Semaxanib,KDR,0,238.1,3.1,44.9,1,2,1,Cc1cc([nH]c1/C=C/c3ccccc3NC2=O)C,WUWDLXZGHZSWQZ-WQLSENKSSA-N,CHEMBL276711,http://www.icoa.fr/pkidb/static/img/mol/Semaxanib.svg
380,Silmitasertib,CSNK2A1,0,349.1,4.9,75.1,4,2,3,c1cc(cc(c1)Cl)Nc2c3ccncc3c4ccc(cc4n2)C(=O)O,MUOKSQABCJCOPU-UHFFFAOYSA-N,CHEMBL1230165,http://www.icoa.fr/pkidb/static/img/mol/Silmitasertib.svg
381,Silmitasertib,CSNK2A2,0,349.1,4.9,75.1,4,2,3,c1cc(cc(c1)Cl)Nc2c3ccncc3c4ccc(cc4n2)C(=O)O,MUOKSQABCJCOPU-UHFFFAOYSA-N,CHEMBL1230165,http://www.icoa.fr/pkidb/static/img/mol/Silmitasertib.svg
382,Simotinib,EGFR,1,500.2,4.4,78,8,1,7,COc1cc2c(cc1OCCN3CC4(CC4)C5(C3)OCCO5)c(ncn2)Nc6ccc(c(c6)Cl)F,OXWUWXCJDBRCCG-UHFFFAOYSA-N,CHEMBL3545235,http://www.icoa.fr/pkidb/static/img/mol/Simotinib.svg
383,Sitravatinib,RET,2,629.2,6.5,114.5,8,3,12,COCCNCc1ccc(nc1)c2cc3c(s2)c(ccn3)Oc4ccc(cc4F)NC(=O)C5(CC5)C(=O)Nc6ccc(cc6)F,WLAVZAAODLTUSW-UHFFFAOYSA-N,CHEMBL3989926,http://www.icoa.fr/pkidb/static/img/mol/Sitravatinib.svg
384,Sitravatinib,DDR2,2,629.2,6.5,114.5,8,3,12,COCCNCc1ccc(nc1)c2cc3c(s2)c(ccn3)Oc4ccc(cc4F)NC(=O)C5(CC5)C(=O)Nc6ccc(cc6)F,WLAVZAAODLTUSW-UHFFFAOYSA-N,CHEMBL3989926,http://www.icoa.fr/pkidb/static/img/mol/Sitravatinib.svg
385,Sitravatinib,NTRK1,2,629.2,6.5,114.5,8,3,12,COCCNCc1ccc(nc1)c2cc3c(s2)c(ccn3)Oc4ccc(cc4F)NC(=O)C5(CC5)C(=O)Nc6ccc(cc6)F,WLAVZAAODLTUSW-UHFFFAOYSA-N,CHEMBL3989926,http://www.icoa.fr/pkidb/static/img/mol/Sitravatinib.svg
386,Sitravatinib,NTRK2,2,629.2,6.5,114.5,8,3,12,COCCNCc1ccc(nc1)c2cc3c(s2)c(ccn3)Oc4ccc(cc4F)NC(=O)C5(CC5)C(=O)Nc6ccc(cc6)F,WLAVZAAODLTUSW-UHFFFAOYSA-N,CHEMBL3989926,http://www.icoa.fr/pkidb/static/img/mol/Sitravatinib.svg
387,Sitravatinib,NTRK3,2,629.2,6.5,114.5,8,3,12,COCCNCc1ccc(nc1)c2cc3c(s2)c(ccn3)Oc4ccc(cc4F)NC(=O)C5(CC5)C(=O)Nc6ccc(cc6)F,WLAVZAAODLTUSW-UHFFFAOYSA-N,CHEMBL3989926,http://www.icoa.fr/pkidb/static/img/mol/Sitravatinib.svg
388,Solcitinib,JAK1,0,389.2,3.2,79.6,5,1,4,CC1(CN(C1)C(=O)c2ccc(cc2)c3cccc4n3nc(n4)NC(=O)C5CC5)C,MPYACSQFXVMWNO-UHFFFAOYSA-N,CHEMBL3301606,http://www.icoa.fr/pkidb/static/img/mol/Solcitinib.svg
389,Sonolisib,PIK3CA,1,525.2,3.1,119.4,9,1,8,CC(=O)O[C@@H]1C[C@]2([C@@H](CCC2=O)C3=C1[C@]4([C@H](OC(=O)/C(=C/N(CC=C)CC=C)/C4=C(C3=O)O)COC)C)C,QIUASFSNWYMDFS-NILGECQDSA-N,CHEMBL411907,http://www.icoa.fr/pkidb/static/img/mol/Sonolisib.svg
390,Sonolisib,PIK3CB,1,525.2,3.1,119.4,9,1,8,CC(=O)O[C@@H]1C[C@]2([C@@H](CCC2=O)C3=C1[C@]4([C@H](OC(=O)/C(=C/N(CC=C)CC=C)/C4=C(C3=O)O)COC)C)C,QIUASFSNWYMDFS-NILGECQDSA-N,CHEMBL411907,http://www.icoa.fr/pkidb/static/img/mol/Sonolisib.svg
391,Sonolisib,PIK3CG,1,525.2,3.1,119.4,9,1,8,CC(=O)O[C@@H]1C[C@]2([C@@H](CCC2=O)C3=C1[C@]4([C@H](OC(=O)/C(=C/N(CC=C)CC=C)/C4=C(C3=O)O)COC)C)C,QIUASFSNWYMDFS-NILGECQDSA-N,CHEMBL411907,http://www.icoa.fr/pkidb/static/img/mol/Sonolisib.svg
392,Sorafenib,BRAF,1,464.1,5.5,92.3,4,3,5,CNC(=O)c1cc(ccn1)Oc2ccc(cc2)NC(=O)Nc3ccc(c(c3)C(F)(F)F)Cl,MLDQJTXFUGDVEO-UHFFFAOYSA-N,CHEMBL1336,http://www.icoa.fr/pkidb/static/img/mol/Sorafenib.svg
393,Sorafenib,RAF1,1,464.1,5.5,92.3,4,3,5,CNC(=O)c1cc(ccn1)Oc2ccc(cc2)NC(=O)Nc3ccc(c(c3)C(F)(F)F)Cl,MLDQJTXFUGDVEO-UHFFFAOYSA-N,CHEMBL1336,http://www.icoa.fr/pkidb/static/img/mol/Sorafenib.svg
394,Sorafenib,FLT4,1,464.1,5.5,92.3,4,3,5,CNC(=O)c1cc(ccn1)Oc2ccc(cc2)NC(=O)Nc3ccc(c(c3)C(F)(F)F)Cl,MLDQJTXFUGDVEO-UHFFFAOYSA-N,CHEMBL1336,http://www.icoa.fr/pkidb/static/img/mol/Sorafenib.svg
395,Sorafenib,KDR,1,464.1,5.5,92.3,4,3,5,CNC(=O)c1cc(ccn1)Oc2ccc(cc2)NC(=O)Nc3ccc(c(c3)C(F)(F)F)Cl,MLDQJTXFUGDVEO-UHFFFAOYSA-N,CHEMBL1336,http://www.icoa.fr/pkidb/static/img/mol/Sorafenib.svg
396,Sorafenib,FLT3,1,464.1,5.5,92.3,4,3,5,CNC(=O)c1cc(ccn1)Oc2ccc(cc2)NC(=O)Nc3ccc(c(c3)C(F)(F)F)Cl,MLDQJTXFUGDVEO-UHFFFAOYSA-N,CHEMBL1336,http://www.icoa.fr/pkidb/static/img/mol/Sorafenib.svg
397,Sorafenib,PDGFRB,1,464.1,5.5,92.3,4,3,5,CNC(=O)c1cc(ccn1)Oc2ccc(cc2)NC(=O)Nc3ccc(c(c3)C(F)(F)F)Cl,MLDQJTXFUGDVEO-UHFFFAOYSA-N,CHEMBL1336,http://www.icoa.fr/pkidb/static/img/mol/Sorafenib.svg
398,Sorafenib,KIT,1,464.1,5.5,92.3,4,3,5,CNC(=O)c1cc(ccn1)Oc2ccc(cc2)NC(=O)Nc3ccc(c(c3)C(F)(F)F)Cl,MLDQJTXFUGDVEO-UHFFFAOYSA-N,CHEMBL1336,http://www.icoa.fr/pkidb/static/img/mol/Sorafenib.svg
399,Sorafenib,FGFR1,1,464.1,5.5,92.3,4,3,5,CNC(=O)c1cc(ccn1)Oc2ccc(cc2)NC(=O)Nc3ccc(c(c3)C(F)(F)F)Cl,MLDQJTXFUGDVEO-UHFFFAOYSA-N,CHEMBL1336,http://www.icoa.fr/pkidb/static/img/mol/Sorafenib.svg
400,Sorafenib,RET,1,464.1,5.5,92.3,4,3,5,CNC(=O)c1cc(ccn1)Oc2ccc(cc2)NC(=O)Nc3ccc(c(c3)C(F)(F)F)Cl,MLDQJTXFUGDVEO-UHFFFAOYSA-N,CHEMBL1336,http://www.icoa.fr/pkidb/static/img/mol/Sorafenib.svg
401,Sorafenib,FLT1,1,464.1,5.5,92.3,4,3,5,CNC(=O)c1cc(ccn1)Oc2ccc(cc2)NC(=O)Nc3ccc(c(c3)C(F)(F)F)Cl,MLDQJTXFUGDVEO-UHFFFAOYSA-N,CHEMBL1336,http://www.icoa.fr/pkidb/static/img/mol/Sorafenib.svg
402,Spebrutinib,BTK,0,423.2,4.3,97.4,7,3,10,COCCOc1ccc(cc1)Nc2ncc(c(n2)Nc3cccc(c3)NC(=O)C=C)F,KXBDTLQSDKGAEB-UHFFFAOYSA-N,CHEMBL3301625,http://www.icoa.fr/pkidb/static/img/mol/Spebrutinib.svg
403,Sunitinib,PDGFRB,0,398.2,3.3,77.2,3,3,7,CCN(CC)CCNC(=O)c1c(c([nH]c1C)/C=C/c3cc(ccc3NC2=O)F)C,WINHZLLDWRZWRT-ATVHPVEESA-N,CHEMBL535,http://www.icoa.fr/pkidb/static/img/mol/Sunitinib.svg
404,Sunitinib,FLT1,0,398.2,3.3,77.2,3,3,7,CCN(CC)CCNC(=O)c1c(c([nH]c1C)/C=C/c3cc(ccc3NC2=O)F)C,WINHZLLDWRZWRT-ATVHPVEESA-N,CHEMBL535,http://www.icoa.fr/pkidb/static/img/mol/Sunitinib.svg
405,Sunitinib,KIT,0,398.2,3.3,77.2,3,3,7,CCN(CC)CCNC(=O)c1c(c([nH]c1C)/C=C/c3cc(ccc3NC2=O)F)C,WINHZLLDWRZWRT-ATVHPVEESA-N,CHEMBL535,http://www.icoa.fr/pkidb/static/img/mol/Sunitinib.svg
406,Sunitinib,KDR,0,398.2,3.3,77.2,3,3,7,CCN(CC)CCNC(=O)c1c(c([nH]c1C)/C=C/c3cc(ccc3NC2=O)F)C,WINHZLLDWRZWRT-ATVHPVEESA-N,CHEMBL535,http://www.icoa.fr/pkidb/static/img/mol/Sunitinib.svg
407,Sunitinib,FLT4,0,398.2,3.3,77.2,3,3,7,CCN(CC)CCNC(=O)c1c(c([nH]c1C)/C=C/c3cc(ccc3NC2=O)F)C,WINHZLLDWRZWRT-ATVHPVEESA-N,CHEMBL535,http://www.icoa.fr/pkidb/static/img/mol/Sunitinib.svg
408,Sunitinib,FLT3,0,398.2,3.3,77.2,3,3,7,CCN(CC)CCNC(=O)c1c(c([nH]c1C)/C=C/c3cc(ccc3NC2=O)F)C,WINHZLLDWRZWRT-ATVHPVEESA-N,CHEMBL535,http://www.icoa.fr/pkidb/static/img/mol/Sunitinib.svg
409,Sunitinib,CSF1R,0,398.2,3.3,77.2,3,3,7,CCN(CC)CCNC(=O)c1c(c([nH]c1C)/C=C/c3cc(ccc3NC2=O)F)C,WINHZLLDWRZWRT-ATVHPVEESA-N,CHEMBL535,http://www.icoa.fr/pkidb/static/img/mol/Sunitinib.svg
410,Sunitinib,PDGFRA,0,398.2,3.3,77.2,3,3,7,CCN(CC)CCNC(=O)c1c(c([nH]c1C)/C=C/c3cc(ccc3NC2=O)F)C,WINHZLLDWRZWRT-ATVHPVEESA-N,CHEMBL535,http://www.icoa.fr/pkidb/static/img/mol/Sunitinib.svg
411,Tafetinib,KDR,0,424.2,3.7,77.2,3,3,6,CCN(CC)CCNC(=O)c1c([nH]cc1CCC/C2=C/3\c4cc(ccc4NC3=O)F)C,KGSRYTUWXUESJK-FXBPSFAMSA-N,CHEMBL2180602,http://www.icoa.fr/pkidb/static/img/mol/Tafetinib.svg
412,Tafetinib,FLT4,0,424.2,3.7,77.2,3,3,6,CCN(CC)CCNC(=O)c1c([nH]cc1CCC/C2=C/3\c4cc(ccc4NC3=O)F)C,KGSRYTUWXUESJK-FXBPSFAMSA-N,CHEMBL2180602,http://www.icoa.fr/pkidb/static/img/mol/Tafetinib.svg
413,Tafetinib,FLT1,0,424.2,3.7,77.2,3,3,6,CCN(CC)CCNC(=O)c1c([nH]cc1CCC/C2=C/3\c4cc(ccc4NC3=O)F)C,KGSRYTUWXUESJK-FXBPSFAMSA-N,CHEMBL2180602,http://www.icoa.fr/pkidb/static/img/mol/Tafetinib.svg
414,Talmapimod,MAPK14,1,512.2,4,65.9,5,0,5,C[C@@H]1CN([C@H](CN1C(=O)c2cc3c(cc2Cl)n(cc3C(=O)C(=O)N(C)C)C)C)Cc4ccc(cc4)F,ZMELOYOKMZBMRB-DLBZAZTESA-N,CHEMBL514201,http://www.icoa.fr/pkidb/static/img/mol/Talmapimod.svg
415,Tamatinib,SYK,0,470.2,3.6,128.8,10,3,7,CC1(C(=O)Nc2c(ccc(n2)Nc3c(cnc(n3)Nc4cc(c(c(c4)OC)OC)OC)F)O1)C,NHHQJBCNYHBUSI-UHFFFAOYSA-N,CHEMBL475251,http://www.icoa.fr/pkidb/static/img/mol/Tamatinib.svg
416,Tandutinib,FLT3,2,562.3,5,92.3,8,1,10,CC(C)Oc1ccc(cc1)NC(=O)N2CCN(CC2)c3c4cc(c(cc4ncn3)OCCCN5CCCCC5)OC,UXXQOJXBIDBUAC-UHFFFAOYSA-N,CHEMBL124660,http://www.icoa.fr/pkidb/static/img/mol/Tandutinib.svg
417,Tandutinib,PDGFD,2,562.3,5,92.3,8,1,10,CC(C)Oc1ccc(cc1)NC(=O)N2CCN(CC2)c3c4cc(c(cc4ncn3)OCCCN5CCCCC5)OC,UXXQOJXBIDBUAC-UHFFFAOYSA-N,CHEMBL124660,http://www.icoa.fr/pkidb/static/img/mol/Tandutinib.svg
418,Tanzisertib,MAPK8,0,448.2,3.7,97.1,8,3,5,c1c(c(c(cc1F)F)Nc2n(c3nc(ncc3n2)N[C@H]4CC[C@@H](CC4)O)[C@@H]5COCC5)F,IBGLGMOPHJQDJB-IHRRRGAJSA-N,CHEMBL1950289,http://www.icoa.fr/pkidb/static/img/mol/Tanzisertib.svg
419,Taselisib,PIK3CA,0,460.2,3.2,118.7,9,1,5,Cc1nc(n(n1)C(C)C)c2cn3c(n2)-c4ccc(cc4OCC3)c5cnn(c5)C(C)(C)C(=O)N,BEUQXVWXFDOSAQ-UHFFFAOYSA-N,CHEMBL2387080,http://www.icoa.fr/pkidb/static/img/mol/Taselisib.svg
420,Taselisib,PIK3CD,0,460.2,3.2,118.7,9,1,5,Cc1nc(n(n1)C(C)C)c2cn3c(n2)-c4ccc(cc4OCC3)c5cnn(c5)C(C)(C)C(=O)N,BEUQXVWXFDOSAQ-UHFFFAOYSA-N,CHEMBL2387080,http://www.icoa.fr/pkidb/static/img/mol/Taselisib.svg
421,Taselisib,PIK3CG,0,460.2,3.2,118.7,9,1,5,Cc1nc(n(n1)C(C)C)c2cn3c(n2)-c4ccc(cc4OCC3)c5cnn(c5)C(C)(C)C(=O)N,BEUQXVWXFDOSAQ-UHFFFAOYSA-N,CHEMBL2387080,http://www.icoa.fr/pkidb/static/img/mol/Taselisib.svg
422,Telatinib,KDR,0,409.1,4,102.2,7,2,6,CNC(=O)c1cc(ccn1)COc2c3c(cco3)c(nn2)Nc4ccc(cc4)Cl,QFCXANHHBCGMAS-UHFFFAOYSA-N,CHEMBL2079588,http://www.icoa.fr/pkidb/static/img/mol/Telatinib.svg
423,Telatinib,FLT4,0,409.1,4,102.2,7,2,6,CNC(=O)c1cc(ccn1)COc2c3c(cco3)c(nn2)Nc4ccc(cc4)Cl,QFCXANHHBCGMAS-UHFFFAOYSA-N,CHEMBL2079588,http://www.icoa.fr/pkidb/static/img/mol/Telatinib.svg
424,Tepotinib,MET,0,492.2,4,96.9,8,0,7,CN1CCC(CC1)COc2cnc(nc2)c3cccc(c3)Cn4c(=O)ccc(n4)c5cccc(c5)C#N,AHYMHWXQRWRBKT-UHFFFAOYSA-N,CHEMBL3402762,http://www.icoa.fr/pkidb/static/img/mol/Tepotinib.svg
425,Tesevatinib,EGFR,1,490.1,5.8,59.5,6,1,6,CN1C[C@H]2C[C@H](C[C@H]2C1)COc3cc4c(cc3OC)c(ncn4)Nc5ccc(c(c5F)Cl)Cl,HVXKQKFEHMGHSL-QKDCVEJESA-N,CHEMBL3544983,http://www.icoa.fr/pkidb/static/img/mol/Tesevatinib.svg
426,Tesevatinib,ERBB2,1,490.1,5.8,59.5,6,1,6,CN1C[C@H]2C[C@H](C[C@H]2C1)COc3cc4c(cc3OC)c(ncn4)Nc5ccc(c(c5F)Cl)Cl,HVXKQKFEHMGHSL-QKDCVEJESA-N,CHEMBL3544983,http://www.icoa.fr/pkidb/static/img/mol/Tesevatinib.svg
427,Tesevatinib,KDR,1,490.1,5.8,59.5,6,1,6,CN1C[C@H]2C[C@H](C[C@H]2C1)COc3cc4c(cc3OC)c(ncn4)Nc5ccc(c(c5F)Cl)Cl,HVXKQKFEHMGHSL-QKDCVEJESA-N,CHEMBL3544983,http://www.icoa.fr/pkidb/static/img/mol/Tesevatinib.svg
428,Tesevatinib,FLT4,1,490.1,5.8,59.5,6,1,6,CN1C[C@H]2C[C@H](C[C@H]2C1)COc3cc4c(cc3OC)c(ncn4)Nc5ccc(c(c5F)Cl)Cl,HVXKQKFEHMGHSL-QKDCVEJESA-N,CHEMBL3544983,http://www.icoa.fr/pkidb/static/img/mol/Tesevatinib.svg
429,Tesevatinib,EPHB4,1,490.1,5.8,59.5,6,1,6,CN1C[C@H]2C[C@H](C[C@H]2C1)COc3cc4c(cc3OC)c(ncn4)Nc5ccc(c(c5F)Cl)Cl,HVXKQKFEHMGHSL-QKDCVEJESA-N,CHEMBL3544983,http://www.icoa.fr/pkidb/static/img/mol/Tesevatinib.svg
430,Tivantinib,MET,0,369.1,3.6,66.9,3,2,2,c1ccc2c(c1)c(c[nH]2)[C@H]3[C@@H](C(=O)NC3=O)c4cn5c6c4cccc6CCC5,UCEQXRCJXIVODC-PMACEKPBSA-N,CHEMBL2103882,http://www.icoa.fr/pkidb/static/img/mol/Tivantinib.svg
431,Tivozanib,FLT1,1,454.1,5.6,107.7,7,2,6,Cc1cc(no1)NC(=O)Nc2ccc(cc2Cl)Oc3ccnc4c3cc(c(c4)OC)OC,SPMVMDHWKHCIDT-UHFFFAOYSA-N,CHEMBL1289494,http://www.icoa.fr/pkidb/static/img/mol/Tivozanib.svg
432,Tivozanib,KDR,1,454.1,5.6,107.7,7,2,6,Cc1cc(no1)NC(=O)Nc2ccc(cc2Cl)Oc3ccnc4c3cc(c(c4)OC)OC,SPMVMDHWKHCIDT-UHFFFAOYSA-N,CHEMBL1289494,http://www.icoa.fr/pkidb/static/img/mol/Tivozanib.svg
433,Tivozanib,FLT4,1,454.1,5.6,107.7,7,2,6,Cc1cc(no1)NC(=O)Nc2ccc(cc2Cl)Oc3ccnc4c3cc(c(c4)OC)OC,SPMVMDHWKHCIDT-UHFFFAOYSA-N,CHEMBL1289494,http://www.icoa.fr/pkidb/static/img/mol/Tivozanib.svg
434,Toceranib,KIT,0,396.2,3.1,77.2,3,3,5,Cc1c([nH]c(c1C(=O)NCCN2CCCC2)C)/C=C/c4cc(ccc4NC3=O)F,SRSGVKWWVXWSJT-ATVHPVEESA-N,CHEMBL13608,http://www.icoa.fr/pkidb/static/img/mol/Toceranib.svg
435,Tofacitinib,JAK1,0,312.2,1.5,88.9,5,1,3,C[C@@H]1CCN(C[C@@H]1N(C)c2c3cc[nH]c3ncn2)C(=O)CC#N,UJLAWZDWDVHWOW-YPMHNXCESA-N,CHEMBL221959,http://www.icoa.fr/pkidb/static/img/mol/Tofacitinib.svg
436,Tofacitinib,JAK2,0,312.2,1.5,88.9,5,1,3,C[C@@H]1CCN(C[C@@H]1N(C)c2c3cc[nH]c3ncn2)C(=O)CC#N,UJLAWZDWDVHWOW-YPMHNXCESA-N,CHEMBL221959,http://www.icoa.fr/pkidb/static/img/mol/Tofacitinib.svg
437,Tofacitinib,JAK3,0,312.2,1.5,88.9,5,1,3,C[C@@H]1CCN(C[C@@H]1N(C)c2c3cc[nH]c3ncn2)C(=O)CC#N,UJLAWZDWDVHWOW-YPMHNXCESA-N,CHEMBL221959,http://www.icoa.fr/pkidb/static/img/mol/Tofacitinib.svg
438,Tofacitinib,TYK2,0,312.2,1.5,88.9,5,1,3,C[C@@H]1CCN(C[C@@H]1N(C)c2c3cc[nH]c3ncn2)C(=O)CC#N,UJLAWZDWDVHWOW-YPMHNXCESA-N,CHEMBL221959,http://www.icoa.fr/pkidb/static/img/mol/Tofacitinib.svg
439,Tozasertib,AURKA,0,464.2,3.5,102.1,8,3,7,Cc1cc(n[nH]1)Nc2cc(nc(n2)Sc3ccc(cc3)NC(=O)C4CC4)N5CCN(CC5)C,GCIKSSRWRFVXBI-UHFFFAOYSA-N,CHEMBL572878,http://www.icoa.fr/pkidb/static/img/mol/Tozasertib.svg
440,Tozasertib,AURKB,0,464.2,3.5,102.1,8,3,7,Cc1cc(n[nH]1)Nc2cc(nc(n2)Sc3ccc(cc3)NC(=O)C4CC4)N5CCN(CC5)C,GCIKSSRWRFVXBI-UHFFFAOYSA-N,CHEMBL572878,http://www.icoa.fr/pkidb/static/img/mol/Tozasertib.svg
441,Tozasertib,AURKC,0,464.2,3.5,102.1,8,3,7,Cc1cc(n[nH]1)Nc2cc(nc(n2)Sc3ccc(cc3)NC(=O)C4CC4)N5CCN(CC5)C,GCIKSSRWRFVXBI-UHFFFAOYSA-N,CHEMBL572878,http://www.icoa.fr/pkidb/static/img/mol/Tozasertib.svg
442,Trametinib,BRAF,1,615.1,3.9,107.1,8,2,5,Cc1c2c(c(n(c1=O)C)Nc3ccc(cc3F)I)c(=O)n(c(=O)n2c4cccc(c4)NC(=O)C)C5CC5,LIRYPHYGHXZJBZ-UHFFFAOYSA-N,CHEMBL2103875,http://www.icoa.fr/pkidb/static/img/mol/Trametinib.svg
443,Trametinib,MAP2K1,1,615.1,3.9,107.1,8,2,5,Cc1c2c(c(n(c1=O)C)Nc3ccc(cc3F)I)c(=O)n(c(=O)n2c4cccc(c4)NC(=O)C)C5CC5,LIRYPHYGHXZJBZ-UHFFFAOYSA-N,CHEMBL2103875,http://www.icoa.fr/pkidb/static/img/mol/Trametinib.svg
444,Trametinib,MAP2K2,1,615.1,3.9,107.1,8,2,5,Cc1c2c(c(n(c1=O)C)Nc3ccc(cc3F)I)c(=O)n(c(=O)n2c4cccc(c4)NC(=O)C)C5CC5,LIRYPHYGHXZJBZ-UHFFFAOYSA-N,CHEMBL2103875,http://www.icoa.fr/pkidb/static/img/mol/Trametinib.svg
445,Trilaciclib,CDK4,0,446.3,2.7,91.2,8,2,3,CN1CCN(CC1)c2ccc(nc2)Nc3ncc4cc5n(c4n3)C6(CCCCC6)CNC5=O,PDGKHKMBHVFCMG-UHFFFAOYSA-N,CHEMBL3894860,http://www.icoa.fr/pkidb/static/img/mol/Trilaciclib.svg
446,Trilaciclib,CDK6,0,446.3,2.7,91.2,8,2,3,CN1CCN(CC1)c2ccc(nc2)Nc3ncc4cc5n(c4n3)C6(CCCCC6)CNC5=O,PDGKHKMBHVFCMG-UHFFFAOYSA-N,CHEMBL3894860,http://www.icoa.fr/pkidb/static/img/mol/Trilaciclib.svg
447,Tucatinib,ERBB2,1,480.2,5.1,110.9,10,2,5,Cc1cc(ccc1Oc2ccn3c(c2)ncn3)Nc4c5cc(ccc5ncn4)NC6=NC(CO6)(C)C,SDEAXTCZPQIFQM-UHFFFAOYSA-N,CHEMBL3989868,http://www.icoa.fr/pkidb/static/img/mol/Tucatinib.svg
448,Ulixertinib,MAPK1,0,432.1,4.7,90,4,4,7,CC(C)Nc1cc(c(cn1)Cl)c2cc([nH]c2)C(=O)N[C@H](CO)c3cccc(c3)Cl,KSERXGMCDHOLSS-LJQANCHMSA-N,CHEMBL3590106,http://www.icoa.fr/pkidb/static/img/mol/Ulixertinib.svg
449,Ulixertinib,MAPK3,0,432.1,4.7,90,4,4,7,CC(C)Nc1cc(c(cn1)Cl)c2cc([nH]c2)C(=O)N[C@H](CO)c3cccc(c3)Cl,KSERXGMCDHOLSS-LJQANCHMSA-N,CHEMBL3590106,http://www.icoa.fr/pkidb/static/img/mol/Ulixertinib.svg
450,Upadacitinib,JAK1,0,380.2,2.9,78.3,4,2,3,CC[C@@H]1CN(C[C@@H]1c2cnc3n2c4cc[nH]c4nc3)C(=O)NCC(F)(F)F,WYQFJHHDOKWSHR-MNOVXSKESA-N,CHEMBL3622821,http://www.icoa.fr/pkidb/static/img/mol/Upadacitinib.svg
451,Uprosertib,AKT1,0,428.1,3.6,86.1,5,2,6,Cn1c(c(cn1)Cl)c2cc(oc2Cl)C(=O)N[C@@H](Cc3ccc(c(c3)F)F)CN,AXTAPYRUEKNRBA-JTQLQIEISA-N,CHEMBL3137336,http://www.icoa.fr/pkidb/static/img/mol/Uprosertib.svg
452,Uprosertib,AKT2,0,428.1,3.6,86.1,5,2,6,Cn1c(c(cn1)Cl)c2cc(oc2Cl)C(=O)N[C@@H](Cc3ccc(c(c3)F)F)CN,AXTAPYRUEKNRBA-JTQLQIEISA-N,CHEMBL3137336,http://www.icoa.fr/pkidb/static/img/mol/Uprosertib.svg
453,Uprosertib,AKT3,0,428.1,3.6,86.1,5,2,6,Cn1c(c(cn1)Cl)c2cc(oc2Cl)C(=O)N[C@@H](Cc3ccc(c(c3)F)F)CN,AXTAPYRUEKNRBA-JTQLQIEISA-N,CHEMBL3137336,http://www.icoa.fr/pkidb/static/img/mol/Uprosertib.svg
454,Vandetanib,VEGFA,1,474.1,5,59.5,6,1,6,CN1CCC(CC1)COc2cc3c(cc2OC)c(ncn3)Nc4ccc(cc4F)Br,UHTHHESEBZOYNR-UHFFFAOYSA-N,CHEMBL24828,http://www.icoa.fr/pkidb/static/img/mol/Vandetanib.svg
455,Vandetanib,EGFR,1,474.1,5,59.5,6,1,6,CN1CCC(CC1)COc2cc3c(cc2OC)c(ncn3)Nc4ccc(cc4F)Br,UHTHHESEBZOYNR-UHFFFAOYSA-N,CHEMBL24828,http://www.icoa.fr/pkidb/static/img/mol/Vandetanib.svg
456,Vandetanib,PTK6,1,474.1,5,59.5,6,1,6,CN1CCC(CC1)COc2cc3c(cc2OC)c(ncn3)Nc4ccc(cc4F)Br,UHTHHESEBZOYNR-UHFFFAOYSA-N,CHEMBL24828,http://www.icoa.fr/pkidb/static/img/mol/Vandetanib.svg
457,Vandetanib,TEK,1,474.1,5,59.5,6,1,6,CN1CCC(CC1)COc2cc3c(cc2OC)c(ncn3)Nc4ccc(cc4F)Br,UHTHHESEBZOYNR-UHFFFAOYSA-N,CHEMBL24828,http://www.icoa.fr/pkidb/static/img/mol/Vandetanib.svg
458,Vandetanib,RET,1,474.1,5,59.5,6,1,6,CN1CCC(CC1)COc2cc3c(cc2OC)c(ncn3)Nc4ccc(cc4F)Br,UHTHHESEBZOYNR-UHFFFAOYSA-N,CHEMBL24828,http://www.icoa.fr/pkidb/static/img/mol/Vandetanib.svg
459,Varlitinib,EGFR,1,466.1,5.2,93.5,9,2,6,C[C@@H]1COC(=N1)Nc2ccc3c(c2)c(ncn3)Nc4ccc(c(c4)Cl)OCc5nccs5,UWXSAYUXVSFDBQ-CYBMUJFWSA-N,CHEMBL2103842,http://www.icoa.fr/pkidb/static/img/mol/Varlitinib.svg
460,Varlitinib,ERBB2,1,466.1,5.2,93.5,9,2,6,C[C@@H]1COC(=N1)Nc2ccc3c(c2)c(ncn3)Nc4ccc(c(c4)Cl)OCc5nccs5,UWXSAYUXVSFDBQ-CYBMUJFWSA-N,CHEMBL2103842,http://www.icoa.fr/pkidb/static/img/mol/Varlitinib.svg
461,Vatalanib,FLT1,1,346.1,5,50.7,4,1,4,c1ccc2c(c1)c(nnc2Nc3ccc(cc3)Cl)Cc4ccncc4,YCOYDOIWSSHVCK-UHFFFAOYSA-N,CHEMBL101253,http://www.icoa.fr/pkidb/static/img/mol/Vatalanib.svg
462,Vatalanib,KDR,1,346.1,5,50.7,4,1,4,c1ccc2c(c1)c(nnc2Nc3ccc(cc3)Cl)Cc4ccncc4,YCOYDOIWSSHVCK-UHFFFAOYSA-N,CHEMBL101253,http://www.icoa.fr/pkidb/static/img/mol/Vatalanib.svg
463,Vatalanib,FLT4,1,346.1,5,50.7,4,1,4,c1ccc2c(c1)c(nnc2Nc3ccc(cc3)Cl)Cc4ccncc4,YCOYDOIWSSHVCK-UHFFFAOYSA-N,CHEMBL101253,http://www.icoa.fr/pkidb/static/img/mol/Vatalanib.svg
464,Vemurafenib,BRAF,1,489.1,5.5,91.9,4,2,7,CCCS(=O)(=O)Nc1ccc(c(c1F)C(=O)c2c[nH]c3c2cc(cn3)c4ccc(cc4)Cl)F,GPXBXXGIAQBQNI-UHFFFAOYSA-N,CHEMBL1229517,http://www.icoa.fr/pkidb/static/img/mol/Vemurafenib.svg
465,Vistusertib,MTOR,0,462.2,2.5,92.7,8,1,4,C[C@H]1COCCN1c2c3ccc(nc3nc(n2)N4CCOC[C@@H]4C)c5cccc(c5)C(=O)NC,JUSFANSTBFGBAF-IRXDYDNUSA-N,CHEMBL2336325,http://www.icoa.fr/pkidb/static/img/mol/Vistusertib.svg
466,Volasertib,PLK1,1,618.4,4.3,106.2,9,2,10,CC[C@H]1N(c2nc(ncc2N(C1=O)C)Nc3c(cc(cc3)C(=O)N[C@H]4CC[C@@H](CC4)N5CCN(CC5)CC6CC6)OC)C(C)C,SXNJFOWDRLKDSF-STROYTFGSA-N,CHEMBL1233528,http://www.icoa.fr/pkidb/static/img/mol/Volasertib.svg
467,Voruciclib,CDK4,0,469.1,4.3,94.1,6,3,3,CN1CC[C@H]([C@@H]1CO)c2c(cc(c3c2oc(cc3=O)c4ccc(cc4Cl)C(F)(F)F)O)O,MRPGRAKIAJJGMM-OCCSQVGLSA-N,CHEMBL3905910,http://www.icoa.fr/pkidb/static/img/mol/Voruciclib.svg
468,Voxtalisib,PIK3CA,0,270.1,1.1,102.5,6,2,2,CCn1c2c(cc(c1=O)c3ccn[nH]3)c(nc(n2)N)C,RGHYDLZMTYDBDT-UHFFFAOYSA-N,CHEMBL3545366,http://www.icoa.fr/pkidb/static/img/mol/Voxtalisib.svg
469,Voxtalisib,MTOR,0,270.1,1.1,102.5,6,2,2,CCn1c2c(cc(c1=O)c3ccn[nH]3)c(nc(n2)N)C,RGHYDLZMTYDBDT-UHFFFAOYSA-N,CHEMBL3545366,http://www.icoa.fr/pkidb/static/img/mol/Voxtalisib.svg
