Kinase_Gene_Name,Kinase_Protein_Name,Kinase_Group,Family,SubFamily,Uniprot_ID,UniProt_Entry,Alias,Subcellular_Location
ABL1,Tyrosine-protein kinase ABL1,TK,Abl,-,P00519,ABL1_HUMAN,"v-abl, c-ABL, JTK7, ABL, p150, ABL1, c-ab1","Cytoplasm, cytoskeleton. Nucleus. Mitochondrion . Isoform IB: Nucleus membrane; Lipid-anchor."
ACK,Activated CDC42 kinase 1,TK,Ack,-,Q07912,ACK1_HUMAN,"TNK2, ACK, FLJ44758, ACK1, FLJ45547, p21cdc42Hs","Cell membrane. Nucleus. Endosome. Cell junction, adherens junction . Cytoplasmic vesicle membrane; Peripheral membrane protein; Cytoplasmic side. Cytoplasmic vesicle, clathrin-coated vesicle. Membrane, clathrin-coated pit. Cytoplasm, perinuclear region ."
ACTR2,Activin receptor type-2A,TKL,STKR,STKR2,P27037,AVR2A_HUMAN,"ACVR2A, ACTR2, ACTRII, ACVR2",Membrane; Single-pass type I membrane protein.
ACTR2B,Activin receptor type-2B,TKL,STKR,STKR2,Q13705,AVR2B_HUMAN,"ACVR2B, hActR-IIB, ACTR2B, Hs.23994, ACTR-IIB, MGC116908",Cell membrane ; Single-pass type I membrane protein .
ADCK4,Uncharacterized aarF domain-containing protein kinase 4,Atypical,ABC1,ABC1-A,Q96D53,COQ8B_HUMAN,"FLJ12229, ADCK4, COQ8","Mitochondrion membrane ; Single-pass membrane protein . Cytoplasm, cytosol . Cell membrane ."
Trb1,Tribbles homolog 1,CAMK,Trbl,-,Q96RU8,TRIB1_HUMAN,"TRIB1, SKIP1, C8FW, Trb1, GIG2",-
BRSK2,Serine/threonine-protein kinase BRSK2,CAMK,CAMKL,BRSK,Q8IWQ3,BRSK2_HUMAN,"PEN11B, C11orf7, BRSK2, SAD1, FLJ41362, STK29","Cytoplasm, cytoskeleton, microtubule organizing center, centrosome. Cytoplasm, perinuclear region. Endoplasmic reticulum."
Wnk2,Serine/threonine-protein kinase WNK2,Other,WNK,-,Q9Y3S1,WNK2_HUMAN,"PRKWNK2, Wnk2, KIAA1760, WNK2, NY-CO-43, P/OKcl.13, SDCCAG43",Cytoplasm . Cell membrane .
AKT1,RAC-alpha serine/threonine-protein kinase,AGC,Akt,-,P31749,AKT1_HUMAN,"MGC99656, RAC, RAC-ALPHA, PRKBA, Akt, PKB, AKT1, c-Akt, PKBalpha",Cytoplasm . Nucleus. Cell membrane .
AKT2,RAC-beta serine/threonine-protein kinase,AGC,Akt,-,P31751,AKT2_HUMAN,"PRKBB, AKT2, RAC-BETA, PKBBETA",Cytoplasm. Nucleus. Cell membrane; Peripheral membrane protein. Early endosome .
AKT3,RAC-gamma serine/threonine-protein kinase,AGC,Akt,-,Q9Y243,AKT3_HUMAN,"STK-2, PRKBG, RAC-GAMMA, AKT3, DKFZP434N0250, PKBG, RAC-gamma, RAC-PK-gamma",Nucleus . Cytoplasm . Membrane ; Peripheral membrane protein .
CaMK1g,Calcium/calmodulin-dependent protein kinase type 1G,CAMK,CAMK1,-,Q96NX5,KCC1G_HUMAN,"CaMK1g, CAMK1G, VWS1, DJ272L16.1, dJ272L16.1, CLICKIII",Cytoplasm . Golgi apparatus membrane ; Peripheral membrane protein . Cell membrane ; Peripheral membrane protein .
ALK,ALK tyrosine kinase receptor,TK,ALK,-,Q9UM73,ALK_HUMAN,"CD246, ALK, TFG/ALK",Cell membrane ; Single-pass type I membrane protein .
ALK1,Serine/threonine-protein kinase receptor R3,TKL,STKR,STKR1,P37023,ACVL1_HUMAN,"ACVRLK1, HHT, ORW2, ALK-1, ALK1, ACVRL1, HHT2, SKR3, TSR-I",Cell membrane ; Single-pass type I membrane protein .
ALK2,Activin receptor type-1,TKL,STKR,STKR1,Q04771,ACVR1_HUMAN,"ACVR1, ACTRI, ACVRLK2, ALK2, FOP, SKR1",Membrane; Single-pass type I membrane protein.
BMPR1A,Bone morphogenetic protein receptor type-1A,TKL,STKR,STKR1,P36894,BMR1A_HUMAN,"CD292, BMPR1A, ALK3, ACVRLK3",Cell membrane ; Single-pass type I membrane protein . Cell surface .
ALK4,Activin receptor type-1B,TKL,STKR,STKR1,P36896,ACV1B_HUMAN,"ALK4, ACVR1B, SKR2, ACVRLK4, ACTRIB",Cell membrane ; Single-pass type I membrane protein .
TGFbR1,TGF-beta receptor type-1,TKL,STKR,STKR1,P36897,TGFR1_HUMAN,"TGFbR1, TGF_beta_RI, AAT5, TbetaR-I, TGFBR1, ACVRLK4, ALK-5, ALK5, TGFR-1, SKR4","Cell membrane ; Single-pass type I membrane protein . Cell junction, tight junction . Cell surface . Membrane raft ."
BMPR1B,Bone morphogenetic protein receptor type-1B,TKL,STKR,STKR1,O00238,BMR1B_HUMAN,"ALK6, CDw293, BMPR1B, ALK-6",Cell membrane . Membrane; Single-pass type I membrane protein.
AMPKa1,5'-AMP-activated protein kinase catalytic subunit alpha-1,CAMK,CAMKL,AMPK,Q13131,AAPK1_HUMAN,"AMPK, MGC33776, MGC57364, AMPKa1, PRKAA1",Cytoplasm . Nucleus .
AMPKa2,5'-AMP-activated protein kinase catalytic subunit alpha-2,CAMK,CAMKL,AMPK,P54646,AAPK2_HUMAN,"AMPK2, AMPK, PRKAA, AMPKa2, PRKAA2",Cytoplasm . Nucleus .
ANPa,Atrial natriuretic peptide receptor 1,RGC,RGC,-,P16066,ANPRA_HUMAN,"ANPa, GUCY2A, NPR1, ANPRA, NPRA, GUC2A",Membrane; Single-pass type I membrane protein.
ANPb,Atrial natriuretic peptide receptor 2,RGC,RGC,-,P20594,ANPRB_HUMAN,"ANPRB, ANPb, GUCY2B, GC-B, NPR2, NPRBi, NPRB, AMDM, GUC2B",Cell membrane ; Single-pass type I membrane protein .
ARAF,Serine/threonine-protein kinase A-Raf,TKL,RAF,-,P10398,ARAF_HUMAN,"PKS2, RAFA1, A-RAF, ARAF, ARAF1",Cell membrane ; Multi-pass membrane protein .
ABL2,Abelson tyrosine-protein kinase 2,TK,Abl,-,P42684,ABL2_HUMAN,"ABL2, ABLL, ARG","Cytoplasm, cytoskeleton."
ATM,Serine-protein kinase ATM,Atypical,PIKK,ATM,Q13315,ATM_HUMAN,"TEL1, ATD, ATE, ATDC, ATC, ATA, DKFZp781A0353, ATM, MGC74674, AT1, TELO1, TRIM29",Nucleus . Cytoplasmic vesicle .
ATR,Serine/threonine-protein kinase ATR,Atypical,PIKK,ATR,Q13535,ATR_HUMAN,"SCKL1, MEC1, ATR, FRP1, SCKL","Nucleus . Nucleus, PML body . Chromosome ."
AurC,Aurora kinase C,Other,Aur,-,Q9UQB9,AURKC_HUMAN,"AIE2, AIK3, STK13, AurC, aurora-C, AURKC","Nucleus. Chromosome. Chromosome, centromere . Cytoplasm, cytoskeleton, spindle ."
AXL,Tyrosine-protein kinase receptor UFO,TK,Axl,-,P30530,UFO_HUMAN,"Ark, AXL, UFO",Cell membrane ; Multi-pass membrane protein .
BARK1,Beta-adrenergic receptor kinase 1,AGC,GRK,BARK,P25098,ARBK1_HUMAN,"BETA-ARK1, GRK2, BARK1, beta_ARK, beta-ARK-1, Ark, ADRBK1",Cytoplasm . Cell membrane .
BCKDK,[3-methyl-2-oxobutanoate dehydrogenase [lipoamide]] kinase,Atypical,PDHK,-,O14874,BCKD_HUMAN,BCKDK,Mitochondrion matrix. Mitochondrion .
GCK,Mitogen-activated protein kinase kinase kinase kinase 2,STE,STE20,KHS,Q12851,M4K2_HUMAN,"GCK, MAP4K2, RAB8IP, BL44",Cytoplasm . Basolateral cell membrane ; Peripheral membrane protein . Golgi apparatus membrane ; Peripheral membrane protein .
BLK,Tyrosine-protein kinase Blk,TK,Src,-,P51451,BLK_HUMAN,"MGC10442, BLK",Cell membrane ; Lipid-anchor .
BRAF,Serine/threonine-protein kinase B-raf,TKL,RAF,-,P15056,BRAF_HUMAN,"RAFB1, BRAF1, B-raf 1, MGC138284, BRAF, MGC126806",Nucleus . Cytoplasm . Cell membrane .
BRK,Protein-tyrosine kinase 6,TK,Src,-,Q13882,PTK6_HUMAN,"FLJ42088, BRK, PTK6","Cytoplasm. Nucleus. Cell projection, ruffle. Membrane ."
BTK,Tyrosine-protein kinase BTK,TK,Tec,-,Q06187,BTK_HUMAN,"AGMX1, IMD1, PSCTK1, BPK, ATK, XLA, MGC126261, MGC126262, AT, BTK",Cytoplasm. Cell membrane; Peripheral membrane protein. Nucleus.
BUBR1,Mitotic checkpoint serine/threonine-protein kinase BUB1 beta,Other,BUB,-,O60566,BUB1B_HUMAN,"Bub1A, BUB1B, SSK1, hBUBR1, MAD3L, BUBR1, BUB1beta","Cytoplasm. Nucleus. Chromosome, centromere, kinetochore. Cytoplasm, cytoskeleton, microtubule organizing center, centrosome."
CDK7,Cyclin-dependent kinase 7,CMGC,CDK,CDK7,P50613,CDK7_HUMAN,"CDKN7, CDK7, CAK1, STK1, TFIIH, p39MO15","Nucleus. Cytoplasm. Cytoplasm, perinuclear region."
CaMK1a,Calcium/calmodulin-dependent protein kinase type 1,CAMK,CAMK1,-,Q14012,KCC1A_HUMAN,"CaMK1a, CAMKI, MGC120318, MGC120317, CAMK1",Cytoplasm . Nucleus .
CaMK2a,Calcium/calmodulin-dependent protein kinase type II subunit alpha,CAMK,CAMK2,-,Q9UQM7,KCC2A_HUMAN,"CAMKA, LOC51618, CaMK2a, CAMK2A, KIAA0968","Cell junction, synapse . Cell junction, synapse, postsynaptic density . Cell projection, dendritic spine . Cell projection, dendrite ."
CaMK2b,Calcium/calmodulin-dependent protein kinase type II subunit beta,CAMK,CAMK2,-,Q13554,KCC2B_HUMAN,"CAM2, CAMK2, CAMK2B, MGC29528, CaMK2b, CAMKB","Cytoplasm, cytoskeleton . Cytoplasm, cytoskeleton, microtubule organizing center, centrosome . Sarcoplasmic reticulum membrane ; Peripheral membrane protein ; Cytoplasmic side . Cell junction, synapse ."
CaMK2g,Calcium/calmodulin-dependent protein kinase (CaM kinase) II gamma,CAMK,CAMK2,-,Q13555,KCC2G_HUMAN,"CAMK-II, FLJ16043, CaMK2g, MGC26678, CAMK2G, CAMK, CAMKG",Sarcoplasmic reticulum membrane ; Peripheral membrane protein ; Cytoplasmic side .
CaMK4,Calcium/calmodulin-dependent protein kinase type IV,CAMK,CAMK1,-,Q16566,KCC4_HUMAN,"CaMK-GR, MGC36771, CaMK4, CAMK4",Cytoplasm. Nucleus.
VACAMKL,CaM kinase-like vesicle-associated protein,CAMK,CAMK-Unique,-,Q8NCB2,CAMKV_HUMAN,"VACAMKL, MGC8407, 1G5, CAMKV",Cell membrane ; Peripheral membrane protein . Cytoplasmic vesicle membrane ; Peripheral membrane protein .
CASK,Peripheral plasma membrane protein CASK,CAMK,CASK,-,O14936,CSKP_HUMAN,"LIN2, CASK, hCASK",Nucleus . Cytoplasm . Cell membrane ; Peripheral membrane protein .
CDC2,Cyclin-dependent kinase 1,CMGC,CDK,CDC2,P06493,CDK1_HUMAN,"DKFZp686L20222, CDC28A, MGC111195, CDK1, p34cdc2, CDC2","Nucleus. Cytoplasm. Mitochondrion. Cytoplasm, cytoskeleton, microtubule organizing center, centrosome . Cytoplasm, cytoskeleton, spindle."
CDC7,Cell division cycle 7-related protein kinase,Other,CDC7,-,O00311,CDC7_HUMAN,"huCDC7, CDC7L1, MGC126238, MGC126237, Hsk1, MGC117361, HsCDC7, CDC7",Nucleus.
CDK2,Cyclin-dependent kinase 2,CMGC,CDK,CDK2,P24941,CDK2_HUMAN,"p33(CDK2, p33(CDK2), CDK2, p33CDK2, p34CDK2","Cytoplasm, cytoskeleton, microtubule organizing center, centrosome. Nucleus, Cajal body. Cytoplasm. Endosome."
CDK3,Cyclin-dependent kinase 3,CMGC,CDK,CDK2,Q00526,CDK3_HUMAN,CDK3,-
CDK4,Cyclin-dependent kinase 4,CMGC,CDK,CDK4,P11802,CDK4_HUMAN,"PSK-J3, CDK4, CMM3, MGC14458",Cytoplasm . Nucleus . Nucleus membrane .
CDK5,Cyclin-dependent kinase 5,CMGC,CDK,CDK5,Q00535,CDK5_HUMAN,"PSSALRE, NCLK, CDK5","Isoform 1: Cytoplasm. Cell membrane; Peripheral membrane protein. Perikaryon. Cell projection, lamellipodium . Cell projection, growth cone . Cell junction, synapse, postsynaptic density . Isoform 2: Nucleus."
CDK6,Cyclin-dependent kinase 6,CMGC,CDK,CDK4,Q00534,CDK6_HUMAN,"MGC59692, PLSTIRE, CDK6","Cytoplasm. Nucleus. Cell projection, ruffle. Cytoplasm, cytoskeleton, microtubule organizing center, centrosome ."
CDK8,Cyclin-dependent kinase 8,CMGC,CDK,CDK8,P49336,CDK8_HUMAN,"CDK8, K35, MGC126074, MGC126075",Nucleus .
PKG1,cGMP-dependent protein kinase,AGC,PKG,-,Q13976,KGP1_HUMAN,"FLJ36117, PRKGR1B, MGC71944, PKG1, PGK, cGKI, cGKI-BETA, PRKG1, PRKG1B, cGKI-alpha",Cytoplasm .
PKG2,cGMP-dependent protein kinase 2,AGC,PKG,-,Q13237,KGP2_HUMAN,"PRKGR2, PKG2, cGKII, PRKG2",Apical cell membrane ; Lipid-anchor .
CHED,Cyclin-dependent kinase 13,CMGC,CDK,CRK7,Q14004,CDK13_HUMAN,"CDC2L5, CHED, CDC2L, KIAA1791, FLJ35215",Nucleus speckle .
CHK1,Serine/threonine-protein kinase Chk1,CAMK,CAMKL,CHK1,O14757,CHK1_HUMAN,"CHEK1, CHK1, p56Chk1","Nucleus. Cytoplasm. Cytoplasm, cytoskeleton, microtubule organizing center, centrosome."
CHK2,Serine/threonine-protein kinase Chk2,CAMK,RAD53,-,O96017,CHK2_HUMAN,"PP1425, LFS2, CHK2, RAD53, HuCds1, CDS1, CHEK2","Isoform 2: Nucleus. Isoform 4: Nucleus.; Isoform 7: Nucleus.; Isoform 9: Nucleus.; Isoform 12: Nucleus.; Nucleus, PML body. Nucleus, nucleoplasm."
CK1a,Casein kinase I isoform alpha,CK1,CK1,-,P48729,KC1A_HUMAN,"CK1a, PRO2975, CSNK1A1, HLCDGP1, CK1, CKI-Alpha","Cytoplasm . Cytoplasm, cytoskeleton, microtubule organizing center, centrosome . Chromosome, centromere, kinetochore . Nucleus speckle . Cytoplasm, cytoskeleton, cilium basal body ."
CK1d,Casein kinase I isoform delta,CK1,CK1,-,P48730,KC1D_HUMAN,"CSNK1D, CK1-delta, HCKID, CK1d","Cytoplasm. Nucleus. Cytoplasm, cytoskeleton, microtubule organizing center, centrosome . Cytoplasm, perinuclear region. Cell membrane. Cytoplasm, cytoskeleton, spindle. Golgi apparatus."
CK1e,Casein kinase I isoform epsilon,CK1,CK1,-,P49674,KC1E_HUMAN,"MGC10398, CSNK1E, CK1e, HCKIE",Cytoplasm . Nucleus .
CK1g2,Casein kinase I isoform gamma-2,CK1,CK1,-,P78368,KC1G2_HUMAN,"CSNK1G2, CK1g2",Cytoplasm .
CK1g3,Casein kinase I isoform gamma-3,CK1,CK1,-,Q9Y6M4,KC1G3_HUMAN,"CK1g3, CKIG3, CSNK1G3",Cytoplasm.
CK2a1,Casein kinase II subunit alpha,CMGC,CK2,-,P68400,CSK21_HUMAN,"CKII, CKII alpha, CK2a1, CK2alpha, CK2A1, CSNK2A1",Nucleus .
CK2a2,Casein kinase II subunit alpha',CMGC,CK2,-,P19784,CSK22_HUMAN,"CK2a2, CK2A2, FLJ43934, CK2alpha`, CSNK2A2, CSNK2A1",-
CLK1,Dual specificity protein kinase CLK1,CMGC,CLK,-,P49759,CLK1_HUMAN,"CLK/STY, CLK1, STY, CLK",Nucleus.
CLK2,Dual specificity protein kinase CLK2,CMGC,CLK,-,P49760,CLK2_HUMAN,"MGC61500, CLK2, hCLK2, clk2",Nucleus .; Isoform 1: Nucleus . Nucleus speckle . Isoform 2: Nucleus speckle .
CLK3,Dual specificity protein kinase CLK3,CMGC,CLK,-,P49761,CLK3_HUMAN,"CLK3, FLJ22858","Isoform 1: Nucleus. Cytoplasm . Cytoplasmic vesicle, secretory vesicle, acrosome .; Isoform 2: Nucleus speckle."
COT,Mitogen-activated protein kinase kinase kinase 8,STE,STE-Unique,-,P41279,M3K8_HUMAN,"ESTF, EST, COT, Tpl-2, MAP3K8, TPL2, TPL-2, FLJ10486, c-COT",Cytoplasm .
FMS,Macrophage colony-stimulating factor 1 receptor,TK,PDGFR,-,P07333,CSF1R_HUMAN,"FIM2, CD115, CSF1R, FMS, CSFR, C-FMS, CSF-1R",Cell membrane; Single-pass type I membrane protein.
CSK,Tyrosine-protein kinase CSK,TK,Csk,-,P41240,CSK_HUMAN,"MGC117393, CSK, CYL",Cytoplasm . Cell membrane .
MARK3,MAP/microtubule affinity-regulating kinase 3,CAMK,CAMKL,MARK,P27448,MARK3_HUMAN,"KP78, PAR1A, CTAK1, MARK3","Cell membrane ; Peripheral membrane protein . Cell projection, dendrite . Cytoplasm ."
CYGD,Retinal guanylyl cyclase 1,RGC,RGC,-,Q02846,GUC2D_HUMAN,"GUCY2D, CYGD, retGC, ROS-GC1, LCA1, LCA, GUC2D, GUC1A4, retGC-1, CORD5, RETGC-1, retGC1, CORD6",Photoreceptor outer segment membrane ; Single-pass type I membrane protein . Endoplasmic reticulum membrane ; Single-pass type I membrane protein .
CYGF,Retinal guanylyl cyclase 2,RGC,RGC,-,P51841,GUC2F_HUMAN,"ROS-GC2, GUCY2F, CYGF, GC-F, GUC2F, GUC2DL, RETGC-2",Photoreceptor outer segment membrane ; Single-pass type I membrane protein .
DAPK1,Death-associated protein kinase 1,CAMK,DAPK,-,P53355,DAPK1_HUMAN,"DAPK, DKFZp781I035, DAPK1","Isoform 1: Cytoplasm. Cytoplasm, cytoskeleton. Isoform 2: Cytoplasm. Cytoplasm, cytoskeleton."
DAPK2,Death-associated protein kinase 2,CAMK,DAPK,-,Q9UIK4,DAPK2_HUMAN,"MGC119312, Hs.129208, DRP1, DAPK2, DRP-1","Cytoplasm. Cytoplasmic vesicle, autophagosome lumen."
DLK,Mitogen-activated protein kinase kinase kinase 12,TKL,MLK,LZK,Q12852,M3K12_HUMAN,"DLK, Hs.ZPK, Hs.3063, ZPK, MAP3K12, ZPKP1, MUK",Cytoplasm . Cell membrane .
DMPK1,Myotonin-protein kinase,AGC,DMPK,GEK,Q09013,DMPK_HUMAN,"DMPK1, DM, DMK, DM1, DMPK, DM1PK","Endoplasmic reticulum membrane ; Single-pass type IV membrane protein ; Cytoplasmic side . Nucleus outer membrane ; Single-pass type IV membrane protein ; Cytoplasmic side . Mitochondrion outer membrane ; Single-pass type IV membrane protein . Sarcoplasmic reticulum membrane . Cell membrane . Cytoplasm, cytosol . Isoform 1: Mitochondrion membrane.; Isoform 3: Mitochondrion membrane."
DMPK2,Serine/threonine-protein kinase MRCK gamma,AGC,DMPK,GEK,Q6DT37,MRCKG_HUMAN,"DMPK2, CDC42BPG, MRCKgamma, HSMDPKIN, KAPPA-200",Cytoplasm .
DNAPK,DNA-dependent protein kinase catalytic subunit,Atypical,PIKK,DNAPK,P78527,PRKDC_HUMAN,"p350, DNAPK, HYRC1, DNA-PKcs, DNPK1, HYRC, PRKDC, XRCC7","Nucleus . Nucleus, nucleolus ."
DYRK1B,Dual specificity tyrosine-phosphorylation-regulated kinase 1B,CMGC,DYRK,DYRK1,Q9Y463,DYR1B_HUMAN,"DYRK1B, MIRK",Nucleus.
DYRK2,Dual specificity tyrosine-phosphorylation-regulated kinase 2,CMGC,DYRK,DYRK2,Q92630,DYRK2_HUMAN,DYRK2,Cytoplasm. Nucleus.
DYRK4,Dual specificity tyrosine-phosphorylation-regulated kinase 4,CMGC,DYRK,DYRK2,Q9NR20,DYRK4_HUMAN,DYRK4,Isoform 1: Cytoplasm .; Isoform 4: Cytoplasm . Nucleus .
eEF2K,Eukaryotic elongation factor 2 kinase,Atypical,Alpha,eEF2K,O00418,EF2K_HUMAN,"eEF2K, EEF2K, eEF-2K, HSU93850, MGC45041",-
EGFR,Epidermal growth factor receptor,TK,EGFR,-,P00533,EGFR_HUMAN,"ERBB, ERBB1, EGFR, mENA, EGFRvIII",Cell membrane ; Single-pass type I membrane protein . Endoplasmic reticulum membrane ; Single-pass type I membrane protein. Golgi apparatus membrane; Single-pass type I membrane protein. Nucleus membrane; Single-pass type I membrane protein. Endosome . Endosome membrane. Nucleus . Isoform 2: Secreted.
PKR,Interferon-induced,Other,PEK,-,P19525,E2AK2_HUMAN,"PKR, EIF2AK1, p68, EIF2AK2, PRKR, MGC126524","Cytoplasm. Nucleus. Cytoplasm, perinuclear region."
MARK2,Serine/threonine-protein kinase MARK2,CAMK,CAMKL,MARK,Q7KZI7,MARK2_HUMAN,"EMK1, MGC99619, PAR-1, MARK2","Cell membrane; Peripheral membrane protein. Cytoplasm. Lateral cell membrane. Cytoplasm, cytoskeleton. Cell projection, dendrite . Cytoplasm ."
EphA1,Ephrin type-A receptor 1,TK,Eph,-,P21709,EPHA1_HUMAN,"MGC163163, EphA1, EPHA1, EPHT, EPHT1, EPH",Cell membrane ; Single-pass type I membrane protein .
EphA2,Ephrin type-A receptor 2,TK,Eph,-,P29317,EPHA2_HUMAN,"ECK, EphA2, EPHA2","Cell membrane ; Single-pass type I membrane protein . Cell projection, ruffle membrane ; Single-pass type I membrane protein . Cell projection, lamellipodium membrane ; Single-pass type I membrane protein . Cell junction, focal adhesion ."
EphA3,Ephrin type-A receptor 3,TK,Eph,-,P29320,EPHA3_HUMAN,"HEK4, EPHA3, EphA3, ETK, TYRO4, ETK1, HEK",Isoform 1: Cell membrane ; Single-pass type I membrane protein .; Isoform 2: Secreted .
EphA4,Ephrin type-A receptor 4,TK,Eph,-,P54764,EPHA4_HUMAN,"HEK8, SEK, EphA4, TYRO1, EPHA4","Cell membrane ; Single-pass type I membrane protein . Cell projection, axon . Cell projection, dendrite . Cell junction, synapse, postsynaptic density membrane . Early endosome . Cell junction, adherens junction ."
EphA5,Ephrin type-A receptor 5,TK,Eph,-,P54756,EPHA5_HUMAN,"Hs.31092, HEK7, EphA5, Hs.194771, TYRO4, EHK1, EPHA5, CEK7","Cell membrane ; Single-pass type I membrane protein . Cell projection, axon . Cell projection, dendrite ."
EphA8,Ephrin type-A receptor 8,TK,Eph,-,P29322,EPHA8_HUMAN,"EPHA8, HEK3, KIAA1459, EEK, EphA8",Cell membrane ; Single-pass type I membrane protein . Cell projection . Early endosome membrane .
EphB1,Ephrin type-B receptor 1,TK,Eph,-,P54762,EPHB1_HUMAN,"ELK, EphB1, Hek6, HEK6, FLJ37986, EPHB1, EPHT2, NET","Cell membrane ; Single-pass type I membrane protein . Early endosome membrane . Cell projection, dendrite ."
EphB2,Ephrin type-B receptor 2,TK,Eph,-,P29323,EPHB2_HUMAN,"EphB2, EPHB2, Hek5, MGC87492, DRT, PCBC, EPHT3, Tyro5, ERK, CAPB, HEK5","Cell membrane; Single-pass type I membrane protein. Cell projection, axon . Cell projection, dendrite ."
EphB3,Ephrin type-B receptor 3,TK,Eph,-,P54753,EPHB3_HUMAN,"ETK2, EphB3, HEK2, TYRO6, EPHB3","Cell membrane ; Single-pass type I membrane protein . Cell projection, dendrite ."
EphB4,Ephrin type-B receptor 4,TK,Eph,-,P54760,EPHB4_HUMAN,"EPHB4, HTK, TYRO11, MYK1, EphB4",Cell membrane ; Single-pass type I membrane protein .
EphB6,Ephrin type-B receptor 6,TK,Eph,-,O15197,EPHB6_HUMAN,"HEP, EPHB6, EphB6, MGC129910, MGC129911",Membrane; Single-pass type I membrane protein.; Isoform 3: Secreted .
Erk1,Mitogen-activated protein kinase 3,CMGC,MAPK,ERK1,P27361,MK03_HUMAN,"Erk1, P44MAPK, HUMKER1A, ERK1, PRKM3, P44ERK1, MAPK3, MGC20180, HS44KDAP, p44, ERK-1","Cytoplasm. Nucleus. Membrane, caveola ."
Erk2,Mitogen-activated protein kinase 1,CMGC,MAPK,ERK1,P28482,MK01_HUMAN,"Erk2, P41MAPK, PRKM2, PRKM1, ERK2, MAPK2, p38, MAPK1, ERK, P42MAPK, p41mapk, ERT1, p41, p40","Cytoplasm, cytoskeleton, spindle . Nucleus. Cytoplasm, cytoskeleton, microtubule organizing center, centrosome. Cytoplasm. Membrane, caveola ."
Erk3,Mitogen-activated protein kinase 6,CMGC,MAPK,ERK3,Q16659,MK06_HUMAN,"DKFZp686F03189, Erk3, p97MAPK, HsT17250, PRKM6, ERK3, MAPK6, P97MAPK",Cytoplasm . Nucleus .
Erk4,Mitogen-activated protein kinase 4,CMGC,MAPK,ERK3,P31152,MK04_HUMAN,"ERK3, Erk4, ERK3-RELATED, PRKM4, MAPK4, p63mapk, p63MAPK",Cytoplasm . Nucleus .
FAK,Focal adhesion kinase 1,TK,FAK,-,Q05397,FAK1_HUMAN,"FAK1, pp125FAK, FADK, FAK, PTK2, FAKpp125","Cell junction, focal adhesion. Cell membrane; Peripheral membrane protein; Cytoplasmic side. Cytoplasm, cell cortex. Cytoplasm, cytoskeleton. Cytoplasm, cytoskeleton, microtubule organizing center, centrosome . Nucleus."
FER,Tyrosine-protein kinase Fer,TK,Fer,-,P16591,FER_HUMAN,"NCP94, TYK3, FER","Cytoplasm. Cytoplasm, cytoskeleton. Cell membrane; Peripheral membrane protein; Cytoplasmic side. Cell projection. Cell junction. Membrane; Peripheral membrane protein; Cytoplasmic side. Nucleus. Cytoplasm, cell cortex."
FES,Tyrosine-protein kinase Fes/Fps,TK,Fer,-,P07332,FES_HUMAN,"FES, FPS","Cytoplasm, cytosol. Cytoplasm, cytoskeleton. Cell membrane; Peripheral membrane protein; Cytoplasmic side. Cytoplasmic vesicle. Golgi apparatus. Cell junction, focal adhesion."
FGFR1,Fibroblast growth factor receptor 1,TK,FGFR,-,P11362,FGFR1_HUMAN,"HBGFR, H4, H2, C-FGR, CEK, FLJ14326, H5, N-SAM, KAL2, BFGFR, H3, FGFBR, CD331, LOC51033, FLT2, FLG, FGFR1","Cell membrane; Single-pass type I membrane protein. Nucleus. Cytoplasm, cytosol. Cytoplasmic vesicle."
FGFR2,Fibroblast growth factor receptor 2,TK,FGFR,-,P21802,FGFR2_HUMAN,"BEK, K-SAM, ECT1, KGFR, JWS, TK14, CFD1, TK25, CEK3, FGFR2, CD332, BFR-1",Cell membrane; Single-pass type I membrane protein. Golgi apparatus. Cytoplasmic vesicle. Isoform 1: Cell membrane; Single-pass type I membrane protein. Isoform 3: Cell membrane; Single-pass type I membrane protein. Isoform 14: Secreted.; Isoform 19: Secreted.
FGFR3,Fibroblast growth factor receptor 3,TK,FGFR,-,P22607,FGFR3_HUMAN,"CEK2, ACH, JTK4, CD333, FGFR3, HSFGFR3EX",Isoform 1: Cell membrane; Single-pass type I membrane protein. Cytoplasmic vesicle. Endoplasmic reticulum. Isoform 2: Cell membrane ; Single-pass type I membrane protein .; Isoform 3: Secreted.; Isoform 4: Cell membrane ; Single-pass type I membrane protein .
FGFR4,Fibroblast growth factor receptor 4,TK,FGFR,-,P22455,FGFR4_HUMAN,"TKF, JTK2, FGFR4, CD334, MGC20292",Cell membrane; Single-pass type I membrane protein. Endosome. Endoplasmic reticulum. Isoform 2: Secreted.; Isoform 3: Cytoplasm .
FGR,Tyrosine-protein kinase Fgr,TK,Src,-,P09769,FGR_HUMAN,"FLJ43153, FGR, SRC2, MGC75096, p55c-fgr, p58c-fgr, c-fgr, c-src2","Cell membrane ; Lipid-anchor ; Cytoplasmic side . Cell membrane; Peripheral membrane protein; Cytoplasmic side. Cell projection, ruffle membrane. Cytoplasm, cytosol. Cytoplasm, cytoskeleton. Mitochondrion inner membrane . Mitochondrion intermembrane space ."
FLT3,Receptor-type tyrosine-protein kinase FLT3,TK,PDGFR,-,P36888,FLT3_HUMAN,"STK1, CD135, FLT3, FLK2",Membrane; Single-pass type I membrane protein. Endoplasmic reticulum lumen.
FLT1,Vascular endothelial growth factor receptor 1,TK,VEGFR,-,P17948,VGFR1_HUMAN,"VEGFR1, VEGFR-1, FLT-1, FLT, FLT1",Isoform 1: Cell membrane; Single-pass type I membrane protein. Endosome. Isoform 2: Secreted .; Isoform 3: Secreted.; Isoform 4: Secreted.; Isoform 5: Cytoplasm .; Isoform 6: Cytoplasm .; Isoform 7: Cytoplasm .
FLT4,Vascular endothelial growth factor receptor 3,TK,VEGFR,-,P35916,VGFR3_HUMAN,"FLT4, VEGFR3, FLT41, PCL",Cell membrane ; Single-pass type I membrane protein. Cytoplasm . Nucleus . Isoform 1: Cell membrane; Single-pass type I membrane protein. Isoform 2: Cell membrane; Single-pass type I membrane protein.; Isoform 3: Secreted. Cytoplasm.
FRAP,Serine/threonine-protein kinase mTOR,Atypical,PIKK,FRAP,P42345,MTOR_HUMAN,"RAFT1, FLJ44809, FRAP, FRAP1, FRAP2, Hs.FRAP1, MTOR, RAPT1, Hs.155952","Endoplasmic reticulum membrane ; Peripheral membrane protein ; Cytoplasmic side . Golgi apparatus membrane ; Peripheral membrane protein ; Cytoplasmic side . Mitochondrion outer membrane ; Peripheral membrane protein ; Cytoplasmic side . Lysosome . Cytoplasm . Nucleus, PML body . Microsome membrane . Lysosome membrane ."
FYN,Tyrosine-protein kinase Fyn,TK,Src,-,P06241,FYN_HUMAN,"FYN, SYN, MGC45350, SLK",Cytoplasm. Nucleus. Cell membrane.
GAK,Cyclin-G-associated kinase,Other,NAK,-,O14976,GAK_HUMAN,"FLJ40395, MGC99654, GAK","Cytoplasm, perinuclear region . Golgi apparatus, trans-Golgi network . Cell junction, focal adhesion ."
GPRK4,G protein-coupled receptor kinase 4,AGC,GRK,GRK,P32298,GRK4_HUMAN,"IT11, GPRK4, GRK4, GRK4B, GRK4A, HUMGPRKLG, GPRK2L","Cytoplasm. Cytoplasm, cell cortex."
GPRK5,G protein-coupled receptor kinase 5,AGC,GRK,GRK,P34947,GRK5_HUMAN,"GRK5, GPRK5",Cytoplasm. Nucleus. Cell membrane; Peripheral membrane protein.
GPRK6,G protein-coupled receptor kinase 6,AGC,GRK,GRK,P43250,GRK6_HUMAN,"GRK6, FLJ32135, GPRK6",Membrane; Lipid-anchor.
Trb2,Tribbles homolog 2,CAMK,Trbl,-,Q92519,TRIB2_HUMAN,"Hs.155418, TRB2, GS3955, TRIB2, Trb2","Cytoplasm . Cytoplasm, cytoskeleton ."
GSK3A,Glycogen synthase kinase-3 alpha,CMGC,GSK,-,P49840,GSK3A_HUMAN,"DKFZp686D0638, Hs.118890, GSK3A",-
GSK3B,Glycogen synthase kinase-3 beta,CMGC,GSK,-,P49841,GSK3B_HUMAN,GSK3B,Cytoplasm . Nucleus. Cell membrane.
HCK,Tyrosine-protein kinase HCK,TK,Src,-,P08631,HCK_HUMAN,"HCK, p59hck, p56hck, JTK9","Isoform 1: Lysosome. Membrane; Lipid-anchor. Cell projection, podosome membrane; Lipid-anchor. Cytoplasm, cytosol. Isoform 2: Cell membrane ; Lipid-anchor . Membrane, caveola ; Lipid-anchor . Cell junction, focal adhesion . Cytoplasm, cytoskeleton . Golgi apparatus . Cytoplasmic vesicle . Lysosome . Nucleus . Cytoplasmic vesicle, secretory vesicle. Cytoplasm, cytosol."
ErbB2,Receptor tyrosine-protein kinase erbB-2,TK,EGFR,-,P04626,ERBB2_HUMAN,"ErbB2, ERBB2, Hs.103992, NGL, c-erbB2, TKR1, HER-2, Hs.323910, c-erb B2, c-erbB-2, HER2, NEU, HER-2/neu","Isoform 1: Cell membrane ; Single-pass type I membrane protein. Early endosome . Cytoplasm, perinuclear region. Nucleus. Isoform 2: Cytoplasm. Nucleus.; Isoform 3: Cytoplasm. Nucleus."
ErbB3,Receptor tyrosine-protein kinase erbB-3,TK,EGFR,-,P21860,ERBB3_HUMAN,"ErbB3, MDA-BF-1, p180-ErbB3, Hs.199067, ERBB3, erbB3-S, c-erbB3, p85-sErbB3, p45-sErbB3, Hs.167387, Hs.167386, HER3, c-erbB-3, ErbB-3, MGC88033",Isoform 1: Cell membrane; Single-pass type I membrane protein.; Isoform 2: Secreted.
ErbB4,Receptor tyrosine-protein kinase erbB-4,TK,EGFR,-,Q15303,ERBB4_HUMAN,"p180erbB4, MGC138404, ERBB4, ErbB4, HER4",Cell membrane ; Single-pass type I membrane protein . ERBB4 intracellular domain: Nucleus . Mitochondrion .
HIPK1,Homeodomain-interacting protein kinase 1,CMGC,DYRK,HIPK,Q86Z02,HIPK1_HUMAN,"MGC33548, MGC33446, KIAA0630, MGC26642, HIPK1, Nbak2, Myak",Nucleus . Cytoplasm . Nucleus speckle .
HPK1,Mitogen-activated protein kinase kinase kinase kinase 1,STE,STE20,KHS,Q92918,M4K1_HUMAN,"MAP4K1, Hs.86575, HPK1",-
HSER,Heat-stable enterotoxin receptor,RGC,RGC,-,P25092,GUC2C_HUMAN,"HSER, GUCY2C, STAR, GC-C, GUC2C",Cell membrane ; Single-pass type I membrane protein . Endoplasmic reticulum membrane ; Single-pass type I membrane protein .
IGF1R,Insulin-like growth factor 1 receptor,TK,InsR,-,P08069,IGF1R_HUMAN,"MGC142172, IGF1R, MGC142170, IGFIR, CD221, MGC18216, JTK13",Cell membrane ; Single-pass type I membrane protein .
IKKa,Inhibitor of nuclear factor kappa-B kinase subunit alpha,Other,IKK,-,O15111,IKKA_HUMAN,"TCF16, IKK1, Hs.159147, IKK-ALPHA, CHUK, IKBKA, IKK-alpha, NFKBIKA, IKKA, IKKa",Cytoplasm . Nucleus .
IKKb,Inhibitor of nuclear factor kappa-B kinase subunit beta,Other,IKK,-,O14920,IKKB_HUMAN,"IKBKB, MGC131801, IKK2, FLJ40509, IKK-beta, Hs.226573, NFKBIKB, Hs.166208, IKKB, IKKb",Cytoplasm . Nucleus . Membrane raft .
ILK,Integrin-linked protein kinase,TKL,MLK,ILK,Q13418,ILK_HUMAN,"DKFZp686F1765, ILK-1, ILK, P59","Cell junction, focal adhesion . Cell membrane; Peripheral membrane protein; Cytoplasmic side . Cell projection, lamellipodium . Cytoplasm, myofibril, sarcomere ."
INSR,Insulin receptor,TK,InsR,-,P06213,INSR_HUMAN,"INSR, HHF5, CD220",Cell membrane ; Single-pass type I membrane protein . Late endosome . Lysosome .
IRAK1,Interleukin-1 receptor-associated kinase 1,TKL,IRAK,-,P51617,IRAK1_HUMAN,"IRAK, IRAK1, pelle",Cytoplasm . Nucleus . Lipid droplet .
IRAK2,Interleukin-1 receptor-associated kinase-like 2,TKL,IRAK,-,O43187,IRAK2_HUMAN,"IRAK2, IRAK-2, MGC150550",-
IRAK3,Interleukin-1 receptor-associated kinase 3,TKL,IRAK,-,Q9Y616,IRAK3_HUMAN,"IRAK3, IRAK-M",-
IRE1,Serine/threonine-protein kinase/endoribonuclease IRE1,Other,IRE,-,O75460,ERN1_HUMAN,"IRE1, MGC163279, IRE1P, MGC163277, FLJ30999, ERN1",Endoplasmic reticulum membrane ; Single-pass type I membrane protein .
IRR,Insulin receptor-related protein,TK,InsR,-,P14616,INSRR_HUMAN,"IRR, INSRR",Membrane; Single-pass type I membrane protein.
ITK,Tyrosine-protein kinase ITK/TSK,TK,Tec,-,Q08881,ITK_HUMAN,"MGC126258, ITK, PSCTK2, MGC126257, EMT, LYK",Cytoplasm . Nucleus .
JAK1,Tyrosine-protein kinase JAK1,TK,Jak,-,P23458,JAK1_HUMAN,"JAK1A, JAK1B, JAK1",Endomembrane system; Peripheral membrane protein.
JAK2,Tyrosine-protein kinase JAK2,TK,Jak,-,O60674,JAK2_HUMAN,JAK2,Endomembrane system ; Peripheral membrane protein . Cytoplasm . Nucleus .
JAK3,Tyrosine-protein kinase JAK3,TK,Jak,-,P52333,JAK3_HUMAN,"JAKL, LJAK, JAK3, L-JAK, JAK-3, JAK3_HUMAN",Endomembrane system ; Peripheral membrane protein . Cytoplasm .
JNK1,Mitogen-activated protein kinase 8,CMGC,MAPK,JNK,P45983,MK08_HUMAN,"PRKM8, JNK1, SAPK, JNK21B1_2, JNK21B1/2, JNK1A2, JNK, MAPK8, SAPK1",Cytoplasm . Nucleus .
JNK2,Mitogen-activated protein kinase 9,CMGC,MAPK,JNK,P45984,MK09_HUMAN,"JNK2BETA, PRKM9, p54aSAPK, JNK2, JNK2ALPHA, JNK2A, JNK2B, JNK-55, MAPK9",Cytoplasm . Nucleus .
JNK3,Mitogen-activated protein kinase 10,CMGC,MAPK,JNK,P53779,MK10_HUMAN,"SAPKbeta, JNK3A, p54bSAPK, JNK3, JNK3A2, FLJ33785, MGC50974, p493F12, P493F12, FLJ12099, MAPK10, P54BSAPK, PRKM10",Cytoplasm . Membrane ; Lipid-anchor . Nucleus . Mitochondrion .
KHS1,Mitogen-activated protein kinase kinase kinase kinase 5,STE,STE20,KHS,Q9Y4K4,M4K5_HUMAN,"GCKR, KHS, MAP4K5, KHS1, MAPKKKK5",Cytoplasm .
IKKe,Inhibitor of nuclear factor kappa-B kinase subunit epsilon,Other,IKK,-,Q14164,IKKE_HUMAN,"IKKE, MGC125295, MGC125294, MGC125297, IKKe, KIAA0151, IKBKE, IKK-i, IKKI","Cytoplasm . Nucleus. Nucleus, PML body ."
NuaK1,NUAK family SNF1-like kinase 1,CAMK,CAMKL,NuaK,O60285,NUAK1_HUMAN,"NuaK1, ARK5, KIAA0537, NUAK1",Nucleus . Cytoplasm .
MAST3,Microtubule-associated serine/threonine-protein kinase 3,AGC,MAST,-,O60307,MAST3_HUMAN,"KIAA0561, Hs.173864, MAST3",-
Fused,Serine/threonine-protein kinase 36,Other,ULK,-,Q9NRP7,STK36_HUMAN,"DKFZp434N0223, Fused, STK36, KIAA1278, FU",Cytoplasm . Nucleus .
PIM3,Serine/threonine-protein kinase pim-3,CAMK,PIM,-,Q86V86,PIM3_HUMAN,"pim-3, PIM3",Cytoplasm .
KIT,Mast/stem cell growth factor receptor Kit,TK,PDGFR,-,P10721,KIT_HUMAN,"PBT, CD117, C-Kit, SCFR, KIT",Isoform 1: Cell membrane; Single-pass type I membrane protein.; Isoform 2: Cell membrane; Single-pass type I membrane protein.; Isoform 3: Cytoplasm.
CDKL2,Cyclin-dependent kinase-like 2,CMGC,CDKL,-,Q92772,CDKL2_HUMAN,"KKIAMRE, P56, CDKL2",Cytoplasm . Nucleus .
CDKL1,Cyclin-dependent kinase-like 1,CMGC,CDKL,-,Q00532,G7DTN9_MIXOS,"KKIALRE, CDKL1, p42",Cytoplasm . Nucleus .
KSR1,Kinase suppressor of Ras 1,TKL,RAF,KSR,Q8IVT5,KSR1_HUMAN,"RSU2, KSR1, KSR","Cytoplasm . Membrane ; Peripheral membrane protein . Cell membrane ; Peripheral membrane protein . Cell projection, ruffle membrane . Endoplasmic reticulum membrane ."
LCK,Tyrosine-protein kinase Lck,TK,Src,-,P06239,LCK_HUMAN,"pp58lck, LCK, YT16, p56lck",Cytoplasm . Cell membrane ; Lipid-anchor ; Cytoplasmic side .
LIMK2,LIM domain kinase 2,TKL,LISK,LIMK,P53671,LIMK2_HUMAN,"LIMK2, PLCB3NP","Cytoplasm . Nucleus . Cytoplasm, cytoskeleton, spindle .; Isoform LIMK2a: Cytoplasm . Nucleus . Isoform LIMK2b: Cytoplasm . Nucleus ."
LKB1,Serine/threonine-protein kinase STK11,CAMK,CAMKL,LKB,Q15831,STK11_HUMAN,"LKB1, STK11, PJS",Nucleus. Cytoplasm. Membrane . Mitochondrion. Isoform 2: Nucleus . Cytoplasm .
LTK,Leukocyte tyrosine kinase receptor,TK,ALK,-,P29376,LTK_HUMAN,"LTK, TYK1",Membrane; Single-pass type I membrane protein.
LYN,Tyrosine-protein kinase Lyn,TK,Src,-,P07948,LYN_HUMAN,"LYN, JTK8, FLJ26625","Cell membrane. Nucleus. Cytoplasm. Cytoplasm, perinuclear region. Golgi apparatus. Membrane ; Lipid-anchor ."
MAK,Serine/threonine-protein kinase MAK,CMGC,RCK,-,P20794,MAK_HUMAN,"MAK, dJ417M14.2","Nucleus. Cytoplasm, cytoskeleton, microtubule organizing center, centrosome. Cytoplasm, cytoskeleton, spindle. Midbody. Cell projection, cilium, photoreceptor outer segment . Photoreceptor inner segment."
MAPKAPK2,MAP kinase-activated protein kinase 2,CAMK,MAPKAPK,MK2,P49137,MAPK2_HUMAN,"MAPKAPK2, MK2",Cytoplasm . Nucleus .
MAPKAPK3,MAP kinase-activated protein kinase 3,CAMK,MAPKAPK,MK2,Q16644,MAPK3_HUMAN,"MAPKAP3, 3PK, MAPKAPK3",Nucleus . Cytoplasm .
MAPKAPK5,MAP kinase-activated protein kinase 5,CAMK,MAPKAPK,MK5,Q8IW41,MAPK5_HUMAN,"MAPKAPK5, MAPKAP5, PRAK",Cytoplasm. Nucleus.
MARK1,Serine/threonine-protein kinase MARK1,CAMK,CAMKL,MARK,Q9P0L2,MARK1_HUMAN,"MGC126513, MGC126512, KIAA1477, MARK1, MARK","Cell membrane ; Peripheral membrane protein . Cytoplasm, cytoskeleton . Cytoplasm . Cell projection, dendrite ."
MAST2,Microtubule-associated serine/threonine-protein kinase 2,AGC,MAST,-,Q6P0Q8,MAST2_HUMAN,"Hs.101474, MTSSK, MAST205, KIAA0807, MAST2, FLJ39200, RP4-533D7.1","Cytoplasm, cytoskeleton . Cell membrane ; Peripheral membrane protein ; Cytoplasmic side ."
MAP2K1,Dual specificity mitogen-activated protein kinase kinase 1,STE,STE7,-,Q02750,MP2K1_HUMAN,"PRKMK1, MKK1, MAP2K1, MAPKK1, MEK1","Cytoplasm, cytoskeleton, microtubule organizing center, centrosome . Cytoplasm, cytoskeleton, microtubule organizing center, spindle pole body . Cytoplasm . Nucleus . Membrane ; Peripheral membrane protein ."
MAP2K2,Dual specificity mitogen-activated protein kinase kinase 2,STE,STE7,-,P36507,MP2K2_HUMAN,"MAPKK2, MAP2K2, MKK2, PRKMK2, MEK2",Cytoplasm . Membrane ; Peripheral membrane protein .
MAP2K5,Dual specificity mitogen-activated protein kinase kinase 5,STE,STE7,-,Q13163,MP2K5_HUMAN,"HsT17454, PRKMK5, MEK5, MAP2K5, MAPKK5",-
MAP2K6,Dual specificity mitogen-activated protein kinase kinase 6,STE,STE7,-,P52564,MP2K6_HUMAN,"MAP2K6, PRKMK6, SAPKK3, MAPKK6, MEK6, MKK6","Nucleus . Cytoplasm . Cytoplasm, cytoskeleton ."
MAP3K1,Mitogen-activated protein kinase kinase kinase 1,STE,STE11,-,Q13233,M3K1_HUMAN,"MEKK1, MEKK, MAP3K1, MAPKKK1",-
MAP3K2,Mitogen-activated protein kinase kinase kinase 2,STE,STE11,-,Q9Y2U5,M3K2_HUMAN,"MAP3K2, LOC51777, MEKK2, MEKK2B",Cytoplasm . Nucleus .
MAP3K3,Mitogen-activated protein kinase kinase kinase 3,STE,STE11,-,Q99759,M3K3_HUMAN,"MAP3K3, MEKK3, MAPKKK3",-
MAP3K4,Mitogen-activated protein kinase kinase kinase 4,STE,STE11,-,Q9Y6R4,M3K4_HUMAN,"MTK1, MAP3K4, KIAA0213, MEKK4, FLJ42439, MAPKKK4, PRO0412","Cytoplasm, perinuclear region ."
MAP3K5,Mitogen-activated protein kinase kinase kinase 5,STE,STE11,-,Q99683,M3K5_HUMAN,"ASK1, MAPKKK5, MEKK5, NAP160, MAP3K5",Cytoplasm. Endoplasmic reticulum.
MER,Tyrosine-protein kinase Mer,TK,Axl,-,Q12866,MERTK_HUMAN,"C-MER, MER, MGC133349, MERTK, mer, c-mer",Membrane ; Single-pass type I membrane protein .
MET,Hepatocyte growth factor receptor,TK,Met,-,P08581,MET_HUMAN,"MET, C-MET, RCCP2, HGFR",Membrane; Single-pass type I membrane protein.; Isoform 3: Secreted.
MISR2,Anti-Muellerian hormone type-2 receptor,TKL,STKR,STKR2,Q16671,AMHR2_HUMAN,"AMHR, MISRII, AMHR2, MISR2",Membrane; Single-pass type I membrane protein.
MAP2K7,Dual specificity mitogen-activated protein kinase kinase 7,STE,STE7,-,O14733,MP2K7_HUMAN,"PRKMK7, MAP2K7, MAPKK7, JNKK2, Jnkk2, MKK7",Nucleus. Cytoplasm .
smMLCK,Myosin light chain kinase,CAMK,MLCK,-,Q15746,MYLK_HUMAN,"FLJ12216, MLCK, KRP, MYLK, DKFZp686I10125, MSTP083, MLCK108, smMLCK, MLCK210, Hs.75950","Cytoplasm . Cell projection, lamellipodium . Cleavage furrow . Cytoplasm, cytoskeleton, stress fiber ."
MLK1,Mitogen-activated protein kinase kinase kinase 9,TKL,MLK,MLK,P80192,M3K9_HUMAN,"MAP3K9, PRKE1, MLK1",-
MLK2,Mitogen-activated protein kinase kinase kinase 10,TKL,MLK,MLK,Q02779,M3K10_HUMAN,"MLK2, MAP3K10, MST",-
DYRK1A,Dual specificity tyrosine-phosphorylation-regulated kinase 1A,CMGC,DYRK,DYRK1,Q13627,DYR1A_HUMAN,"MNBH, DYRK, DYRK1, HP86, DYRK1A, MNB",Nucleus . Nucleus speckle .
MNK1,MAP kinase-interacting serine/threonine-protein kinase 1,CAMK,MAPKAPK,MNK,Q9BUB5,MKNK1_HUMAN,"MKNK1, MNK1",Isoform 2: Cytoplasm.; Isoform 3: Cytoplasm. Nucleus.
MNK2,MAP kinase-interacting serine/threonine-protein kinase 2,CAMK,MAPKAPK,MNK,Q9HBH9,MKNK2_HUMAN,"MKNK2, GRK7, GPRK7, MNK2","Isoform 2: Nucleus, PML body.; Isoform 1: Cytoplasm."
MOS,Proto-oncogene serine/threonine-protein kinase mos,Other,MOS,-,P00540,F8GYC9_CUPNN,"MOS, MSV, c-mos, MGC119963, MGC119962",-
MAP2K3,Dual specificity mitogen-activated protein kinase kinase 3,STE,STE7,-,P46734,MP2K3_HUMAN,"MAP2K3, MEK3, PRKMK3, MKK3, MAPKK3",-
MAP2K4,Dual specificity mitogen-activated protein kinase kinase 4,STE,STE7,-,P45985,MP2K4_HUMAN,"SEK1, MAP2K4, PRKMK4, MAPKK4, MEK4, JNKK1, MKK4, JNKK, SERK1",Cytoplasm . Nucleus .
MRCKb,Serine/threonine-protein kinase MRCK beta,AGC,DMPK,GEK,Q9Y5S2,MRCKB_HUMAN,"MRCKb, MRCKB, KIAA1124, CDC42BPB","Cytoplasm . Cell membrane ; Peripheral membrane protein ; Cytoplasmic side . Cell junction . Cell projection, lamellipodium ."
MSK1,Ribosomal protein S6 kinase alpha-5,AGC,RSK,MSK,O75582,KS6A5_HUMAN,"MSK1, MSPK1, RLPK, MGC1911, RPS6KA5",Nucleus. Cytoplasm.
MSK2,Ribosomal protein S6 kinase alpha-4,AGC,RSK,MSK,O75676,KS6A4_HUMAN,"RPS6KA4, RSKB, MSK2, RSK-B",Nucleus .
MST1,Serine/threonine-protein kinase 4,STE,STE20,MST,Q13043,STK4_HUMAN,"KRS2, DKFZp686A2068, MST1, Krs-2, STK4, YSK3",Cytoplasm. Nucleus.
MST2,Serine/threonine-protein kinase 3,STE,STE20,MST,Q13188,STK3_HUMAN,"p33QIK, STK3, KRS1, FLJ90748, MST2",Cytoplasm . Nucleus .
MST3,Serine/threonine-protein kinase 24,STE,STE20,YSK,Q9Y6E0,STK24_HUMAN,"MST-3, STK3, STK24, MST3B, MST3",Cytoplasm. Nucleus. Membrane.
MUSK,Muscle,TK,Musk,-,O15146,MUSK_HUMAN,"MUSK, MGC126323, MGC126324","Cell junction, synapse, postsynaptic cell membrane ; Single-pass type I membrane protein ."
MYT1,Membrane-associated tyrosine- and threonine-specific cdc2-inhibitory kinase,Other,WEE,-,Q99640,PMYT1_HUMAN,"DKFZp547K1610, FLJ20093, PKMYT1, MYT1",Endoplasmic reticulum membrane ; Peripheral membrane protein . Golgi apparatus membrane ; Peripheral membrane protein .
NDR1,Serine/threonine-protein kinase 38,AGC,NDR,-,Q15208,STK38_HUMAN,"STK38, NDR, NDR1",Nucleus. Cytoplasm.
NEK1,Serine/threonine-protein kinase Nek1,Other,NEK,-,Q96PY6,NEK1_HUMAN,"NEK1, DKFZp686D06121, DKFZp686K12169, MGC138800, NY-REN-55, KIAA1901","Nucleus . Cytoplasm, cytoskeleton, microtubule organizing center, centrosome . Cytoplasm ."
NEK2,Serine/threonine-protein kinase Nek2,Other,NEK,-,P51955,NEK2_HUMAN,"NEK2, HsPK 21, HsPK_21, HsPK21, NEK2A, NLK1","Isoform 1: Nucleus. Nucleus, nucleolus . Cytoplasm. Cytoplasm, cytoskeleton, microtubule organizing center, centrosome . Cytoplasm, cytoskeleton, spindle pole. Chromosome, centromere, kinetochore. Chromosome, centromere . Isoform 2: Cytoplasm. Isoform 4: Nucleus. Cytoplasm, cytoskeleton, microtubule organizing center, centrosome."
NEK3,Serine/threonine-protein kinase Nek3,Other,NEK,-,P51956,NEK3_HUMAN,"HSPK36, MGC29949, NEK3","Cytoplasm . Cell projection, axon ."
NIK,Mitogen-activated protein kinase kinase kinase 14,STE,STE-Unique,-,Q99558,M3K14_HUMAN,"NIK, HSNIK, FTDCR1B, MAP3K14, HS",Cytoplasm.
NLK,Serine/threonine-protein kinase NLK,CMGC,MAPK,nmo,Q9UBE8,NLK_HUMAN,"DKFZp761G1211, NLK, LOC51701, FLJ21033",Nucleus . Cytoplasm .
NEK4,Serine/threonine-protein kinase Nek4,Other,NEK,-,P51957,NEK4_HUMAN,"NEK4, pp12301, STK2, MGC33171, NRK2","Cell projection, cilium . Cytoplasm ."
IRAK4,Interleukin-1 receptor-associated kinase 4,TKL,IRAK,-,Q9NWZ3,IRAK4_HUMAN,"REN64, NY-REN-64, LOC51135, IRAK4",Cytoplasm .
PIK3R4,Phosphoinositide 3-kinase regulatory subunit 4,Other,VPS15,-,Q99570,PI3R4_HUMAN,"MGC102700, VPS15, PIK3R4, p150, P150","Late endosome . Cytoplasmic vesicle, autophagosome . Membrane ; Lipid-anchor ."
ROCK2,Rho-associated protein kinase 2,AGC,DMPK,ROCK,O75116,ROCK2_HUMAN,"KIAA0619, ROCK2, ROCK_II","Cytoplasm. Cell membrane ; Peripheral membrane protein . Nucleus. Cytoplasm, cytoskeleton, microtubule organizing center, centrosome."
p38a,Mitogen-activated protein kinase 14,CMGC,MAPK,p38,Q16539,MK14_HUMAN,"MAPK14, Exip, SAPK2a, CSBP1, Mxi2, CSBP2, P38, p38a, p38, PRKM14, EXIP, SAPK2A, RK, p38alpha, CSPB1, MXI2, PRKM15, p38ALPHA",Cytoplasm . Nucleus .
p70S6K,Ribosomal protein S6 kinase beta-1,AGC,RSK,RSKp70,P23443,KS6B1_HUMAN,"p70(S6K)-alpha, p70s6k, S6K, STK14A, S6K1, p70S6K, RPS6KB1, PS6K, p70-alpha, p70-S6K","Cell junction, synapse, synaptosome . Mitochondrion outer membrane. Mitochondrion. Isoform Alpha I: Nucleus. Cytoplasm.; Isoform Alpha II: Cytoplasm."
p70S6Kb,Ribosomal protein S6 kinase beta-2,AGC,RSK,RSKp70,Q9UBS0,KS6B2_HUMAN,"P70-beta-1, p70S6Kb, P70-beta-2, P70-BETA, STK14B, p70(S6K)-beta, SRK, P70S6KB, RPS6KB2, KLS, S6K2, S6K-beta2",Cytoplasm. Nucleus.
PAK1,Serine/threonine-protein kinase PAK 1,STE,STE20,PAKA,Q13153,PAK1_HUMAN,"MGC130000, MGC130001, PAKalpha, PAK1","Cytoplasm . Cell junction, focal adhesion . Cell membrane . Cell projection, ruffle membrane . Cell projection, invadopodium . Nucleus, nucleoplasm . Chromosome ."
PAK2,Serine/threonine-protein kinase PAK 2,STE,STE20,PAKA,Q13177,PAK2_HUMAN,"PAK65, PAKgamma, PAK2","Serine/threonine-protein kinase PAK 2: Cytoplasm. PAK-2p34: Nucleus. Cytoplasm, perinuclear region. Membrane; Lipid-anchor."
PAK3,Serine/threonine-protein kinase PAK 3,STE,STE20,PAKA,O75914,PAK3_HUMAN,"bPAK, MRX30, PAK3beta, CDKN1A, OPHN3, MRX47, hPAK3, PAK3",Cytoplasm .
PKCh,Protein kinase C eta type,AGC,PKC,PKCh,P24723,KPCL_HUMAN,"PRKCH, nPKC-eta, PRKCL, MGC26269, PKC-L, PKCh, MGC5363, PKCL",Cytoplasm .
PCTAIRE1,Cyclin-dependent kinase 16,CMGC,CDK,PCTAIRE,Q00536,CDK16_HUMAN,"PCTK1, PCTGAIRE, FLJ16665, PCTAIRE, PCTAIRE1","Cytoplasm. Cytoplasmic vesicle, secretory vesicle. Cell membrane; Peripheral membrane protein; Cytoplasmic side. Cell junction, synapse, synaptosome ."
PCTAIRE2,Cyclin-dependent kinase 17,CMGC,CDK,PCTAIRE,Q00537,CDK17_HUMAN,"PCTK2, PCTAIRE2",-
PCTAIRE3,Cyclin-dependent kinase 18,CMGC,CDK,PCTAIRE,Q07002,CDK18_HUMAN,"PCTK3, PCTAIRE, PCTAIRE3",-
PDGFRa,Platelet-derived growth factor receptor alpha,TK,PDGFR,-,P16234,PGFRA_HUMAN,"PDGFRa, CD140A, PDGFRA, PDGFR2, MGC74795, Rhe-PDGFRA","Cell membrane ; Single-pass type I membrane protein . Cell projection, cilium . Golgi apparatus ."
PDGFRb,Platelet-derived growth factor receptor beta,TK,PDGFR,-,P09619,PGFRB_HUMAN,"PDGFR, PDGFRb, PDGFRB, CD140B, PDGFR1, PDGF-R-beta, JTK12",Cell membrane; Single-pass type I membrane protein. Cytoplasmic vesicle. Lysosome lumen.
PDK1,3-phosphoinositide-dependent protein kinase 1,AGC,PDK1,-,O15530,PDPK1_HUMAN,"MGC35290, PRO0461, PkB-like, PDK1, PkB-like 1, PDPK1, MGC20087","Cytoplasm. Nucleus. Cell membrane; Peripheral membrane protein. Cell junction, focal adhesion."
PDHK1,[Pyruvate dehydrogenase [lipoamide]] kinase isozyme 1,Atypical,PDHK,-,Q15118,PDK1_HUMAN,"PDK1, PDHK1",Mitochondrion matrix .
PDHK2,[Pyruvate dehydrogenase [lipoamide]] kinase isozyme 2,Atypical,PDHK,-,Q15119,PDK2_HUMAN,"PDHK2, PDK2",Mitochondrion matrix.
PDHK3,[Pyruvate dehydrogenase [lipoamide]] kinase isozyme 3,Atypical,PDHK,-,Q15120,PDK3_HUMAN,"PDK3, PDHK3",Mitochondrion matrix.
PDHK4,[Pyruvate dehydrogenase [lipoamide]] kinase isozyme 4,Atypical,PDHK,-,Q16654,PDK4_HUMAN,"PDHK4, PDK4, FLJ40832",Mitochondrion matrix.
PEK,Eukaryotic translation initiation factor 2-alpha kinase 3,Other,PEK,PEK,Q9NZJ5,E2AK3_HUMAN,"PERK, EIF2AK3, DKFZp781H1925, WRS, PEK",Endoplasmic reticulum membrane; Single-pass type I membrane protein.
PFTAIRE1,Cyclin-dependent kinase 14,CMGC,CDK,PFTAIRE,O94921,CDK14_HUMAN,"PFTAIRE1, KIAA0834, PFTK1",Cell membrane; Peripheral membrane protein. Cytoplasm. Nucleus.
PHKg1,Phosphorylase b kinase gamma catalytic chain,CAMK,PHK,-,Q16816,PHKG1_HUMAN,"PHKG, PHKG1, PHKg1",-
PHKg2,Phosphorylase b kinase gamma catalytic chain,CAMK,PHK,-,P15735,PHKG2_HUMAN,"PHKg2, PHKG2",-
PIM1,Serine/threonine-protein kinase pim-1,CAMK,PIM,-,P11309,PIM1_HUMAN,"PIM, PIM1",Isoform 1: Cytoplasm. Nucleus.; Isoform 2: Cell membrane.
PIM2,Serine/threonine-protein kinase pim-2,CAMK,PIM,-,Q9P1W9,PIM2_HUMAN,"hPim-2, Hs.80205, PIM2",-
CDK10,Cyclin-dependent kinase 10,CMGC,CDK,CDK10,Q15131,CDK10_HUMAN,"CDK10, PISSLRE","Cytoplasm, cytoskeleton, cilium basal body ."
CDK9,Cyclin-dependent kinase 9,CMGC,CDK,CDK9,P50750,CDK9_HUMAN,"CDC2L4, CDK9, PITALRE, C-2k, TAK","Nucleus. Cytoplasm. Nucleus, PML body."
MELK,Maternal embryonic leucine zipper kinase,CAMK,CAMKL,MELK,Q14680,MELK_HUMAN,"MELK, HPK38, KIAA0175",Cell membrane ; Peripheral membrane protein .
MRCKa,Serine/threonine-protein kinase MRCK alpha,AGC,DMPK,GEK,Q5VT25,MRCKA_HUMAN,"DKFZp686L1738, DKFZp686P1738, PK428, FLJ23347, KIAA0451, CDC42BPA, MRCKA, MRCKa, MRCK","Cytoplasm . Cell projection, lamellipodium ."
PKACa,cAMP-dependent protein kinase catalytic subunit alpha,AGC,PKA,-,P17612,KAPCA_HUMAN,"Hs.169269, Calpha, cPKA, MGC48865, MGC102831, PKACA, PRKACA, PKACa","Cytoplasm. Cell membrane. Nucleus . Mitochondrion . Membrane ; Lipid-anchor . Isoform 2: Cell projection, cilium, flagellum . Cytoplasmic vesicle, secretory vesicle, acrosome ."
PKACb,cAMP-dependent protein kinase catalytic subunit beta,AGC,PKA,-,P22694,KAPCB_HUMAN,"MGC9320, MGC41879, PKA, DKFZp781I2452, PKACB, PRKACB, PKACb",Cytoplasm . Cell membrane . Membrane ; Lipid-anchor . Nucleus .
PKACg,cAMP-dependent protein kinase catalytic subunit gamma,AGC,PKA,-,P22612,KAPCG_HUMAN,"KAPG, PRKACG, PKACg",-
PKCa,Protein kinase C alpha type,AGC,PKC,PKCa,P17252,KPCA_HUMAN,"PKC-alpha, PKCA, PRKCA, AAG6, PKCalpha, PKCa, MGC129901, MGC129900, PRKACA",Cytoplasm . Cell membrane ; Peripheral membrane protein . Mitochondrion membrane ; Peripheral membrane protein . Nucleus .
PKCb,Protein kinase C beta type,AGC,PKC,PKCa,P05771,KPCB_HUMAN,"PKCB, MGC41878, PKC-beta, PRKCB, PKCb, PKCbeta, PRKCB1, PRKCB2",Cytoplasm . Nucleus . Membrane ; Peripheral membrane protein .
PKCd,Protein kinase C delta type,AGC,PKC,PKCd,Q05655,KPCD_HUMAN,"nPKC-delta, PKCd, PKCdelta, MGC49908, PRKCD, MAY1, PKCD","Cytoplasm . Cytoplasm, perinuclear region . Nucleus . Cell membrane ; Peripheral membrane protein ."
PKCe,Protein kinase C epsilon type,AGC,PKC,PKCh,Q02156,KPCE_HUMAN,"Hs.395751, PKCe, PRKCE, PKCepsilon, nPKC-epsilon, PKCE, MGC125657, MGC125656","Cytoplasm . Cytoplasm, cytoskeleton . Cell membrane . Cytoplasm, perinuclear region . Nucleus ."
PKCg,Protein kinase C gamma type,AGC,PKC,PKCa,P05129,KPCG_HUMAN,"SCA14, PKC-gamma, PRKCG, PKCC, PKCg, MGC57564, PKCG","Cytoplasm . Cytoplasm, perinuclear region . Cell membrane ; Peripheral membrane protein . Cell junction, synapse, synaptosome . Cell projection, dendrite ."
PKCi,Protein kinase C iota type,AGC,PKC,PKCi,P41743,KPCI_HUMAN,"PRKCI, PKCI, MGC26534, nPKC-iota, PKCi, DXS1179E",Cytoplasm . Membrane . Endosome . Nucleus .
PKD1,Serine/threonine-protein kinase D1,CAMK,PKD,-,Q15139,KPCD1_HUMAN,"PRKCM, PKC-MU, PKD1, PKD, PRKD1, PKCM","Cytoplasm . Cell membrane . Golgi apparatus, trans-Golgi network ."
PKCt,Protein kinase C theta type,AGC,PKC,PKCd,Q04759,KPCT_HUMAN,"PKC-theta, PKCt, MGC141919, Hs.89615, MGC126514, Hs.PRKCQ, nPKC-theta, PRKCQ, PRKCT",Cytoplasm. Cell membrane; Peripheral membrane protein.
PKCz,Protein kinase C zeta type,AGC,PKC,PKCi,Q05513,KPCZ_HUMAN,"PKCz, PKC2, PKCzeta, Hs.199054, PRKCZ",Cytoplasm . Endosome . Cell junction . Membrane ; Peripheral membrane protein . Isoform 2: Cytoplasm .
PRKX,cAMP-dependent protein kinase catalytic subunit PRKX,AGC,PKA,-,P51817,PRKX_HUMAN,"PRKX, PKX1",Cytoplasm. Nucleus.
HIPK3,Homeodomain-interacting protein kinase 3,CMGC,DYRK,HIPK,Q9H422,HIPK3_HUMAN,"HIPK3, FIST3, YAK1, PKY, DYRK6",Cytoplasm . Nucleus .
PLK1,Serine/threonine-protein kinase PLK1,Other,PLK,-,P53350,PLK1_HUMAN,"PLK1, STPK13, PLK","Nucleus. Chromosome, centromere, kinetochore. Cytoplasm, cytoskeleton, microtubule organizing center, centrosome . Cytoplasm, cytoskeleton, spindle . Midbody ."
PLK3,Serine/threonine-protein kinase PLK3,Other,PLK,-,Q9H4B4,PLK3_HUMAN,"PLK3, FNK, CNK, PRK","Cytoplasm. Nucleus. Nucleus, nucleolus. Golgi apparatus. Cytoplasm, cytoskeleton, microtubule organizing center, centrosome."
PKN1,Serine/threonine-protein kinase N1,AGC,PKN,-,Q16512,PKN1_HUMAN,"DBK, PKN1, PRK1, MGC46204, PRKCL1, PKN, PAK1",Cytoplasm . Nucleus . Endosome . Cell membrane ; Peripheral membrane protein . Cleavage furrow . Midbody .
PKN2,Serine/threonine-protein kinase N2,AGC,PKN,-,Q16513,PKN2_HUMAN,"PRO2042, PKN2, MGC71074, PRK2, PRKCL2, Pak-2, MGC150606, PAK2","Cytoplasm . Nucleus . Membrane . Cell projection, lamellipodium . Cytoplasm, cytoskeleton . Cleavage furrow . Midbody . Cell junction ."
PRKY,Serine/threonine-protein kinase PRKY,AGC,PKA,-,O43930,PRKY_HUMAN,PRKY,-
PRP4,Serine/threonine-protein kinase PRP4 homolog,CMGC,DYRK,PRP4,Q13523,PRP4B_HUMAN,"dJ1013A10.1, PRPF4B, PRP4K, PRP4H, PRP4, KIAA0536, PR4H",Nucleus.
PSKH1,Serine/threonine-protein kinase H1,CAMK,PSK,-,P11801,KPSH1_HUMAN,PSKH1,"Golgi apparatus. Cytoplasm, cytoskeleton, microtubule organizing center, centrosome. Nucleus speckle. Endoplasmic reticulum membrane; Lipid-anchor. Cell membrane; Lipid-anchor. Cytoplasm."
RAF1,RAF proto-oncogene serine/threonine-protein kinase,TKL,RAF,-,P04049,RAF1_HUMAN,"Raf-1, c-Raf, RAF1, CRAF",Cytoplasm. Cell membrane. Mitochondrion. Nucleus.
RET,Proto-oncogene tyrosine-protein kinase receptor Ret,TK,Ret,-,P07949,RET_HUMAN,"RET51, CDHF12, HSCR1, PTC, Hs.168114, RET, RET-ELE1, MEN2B, Hs.RET, MTC1, MEN2A",Cell membrane ; Single-pass type I membrane protein . Endosome membrane ; Single-pass type I membrane protein .
RHOK,Rhodopsin kinase,AGC,GRK,GRK,Q15835,GRK1_HUMAN,"RHOK, Hs.158325, GPRK1, GRK1, RK","Membrane ; Lipid-anchor . Cell projection, cilium, photoreceptor outer segment ."
RIPK1,Receptor-interacting serine/threonine-protein kinase 1,TKL,RIPK,-,Q13546,RIPK1_HUMAN,"RIPK1, FLJ39204, RIP",Cytoplasm . Cell membrane .
RIPK2,Receptor-interacting serine/threonine-protein kinase 2,TKL,RIPK,-,O43353,RIPK2_HUMAN,"GIG30, CARDIAK, RIP2, RIPK2, RICK, CCK, CARD3",Cytoplasm .
RIPK3,Receptor-interacting serine/threonine-protein kinase 3,TKL,RIPK,-,Q9Y572,RIPK3_HUMAN,"RIP3, RIPK3","Cytoplasm, cytosol . Cell membrane . Mitochondrion ."
ROCK1,Rho-associated protein kinase 1,AGC,DMPK,ROCK,Q13464,ROCK1_HUMAN,"p160ROCK1, Hs.ROCK1, MGC131603, ROCK1, MGC43611, Hs.198533, P160ROCK","Cytoplasm. Cytoplasm, cytoskeleton, microtubule organizing center, centrosome, centriole . Golgi apparatus membrane; Peripheral membrane protein. Cell projection, bleb. Cytoplasm, cytoskeleton . Cell membrane . Cell projection, lamellipodium . Cell projection, ruffle ."
RON,Macrophage-stimulating protein receptor,TK,Met,-,Q04912,RON_HUMAN,"CDw136, PTK8, MST1R, RON",Membrane; Single-pass type I membrane protein.
ROR1,Tyrosine-protein kinase transmembrane receptor ROR1,TK,Ror,-,Q01973,ROR1_HUMAN,"MGC99659, NTRKR1, ROR1, dJ537F10.1","Membrane ; Single-pass type I membrane protein. Cell projection, axon ."
ROR2,Tyrosine-protein kinase transmembrane receptor ROR2,TK,Ror,-,Q01974,G7DXK7_MIXOS,"NTRKR2, BDB1, ROR2, MGC163394, BDB",Cell membrane ; Single-pass type I membrane protein .
ROS,Proto-oncogene tyrosine-protein kinase ROS,TK,Sev,-,P08922,ROS1_HUMAN,"MCF3, ROS, ROS1",Cell membrane ; Single-pass type I membrane protein .
RSK3,Ribosomal protein S6 kinase alpha-2,AGC,RSK,RSKp90,Q15349,KS6A2_HUMAN,"RPS6KA1, RSK1 (original kinome, RSK, MAPKAPK1A, HU-1, now swapped with RSK3), p90rsk, S6K-alpha 1, RSK1, RSK3",Nucleus . Cytoplasm .
RSK2,Ribosomal protein S6 kinase alpha-3,AGC,RSK,RSKp90,P51812,KS6A3_HUMAN,"RPS6KA3, RSK, HU-2, HU-3, ISPK-1, MRX19, p90-RSK2, pp90RSK2, MAPKAPK1B, RSK2, S6K-alpha3, CLS",Nucleus . Cytoplasm .
RSK1,Ribosomal protein S6 kinase alpha-1,AGC,RSK,RSKp90,Q15418,KS6A1_HUMAN,"RSK3 (original kinome, RPS6KA2, S6K-alpha2, RSK, HU-2, S6K-alpha, Hs.RPS6KA2, MAPKAPK1C, Hs.90859, p90-RSK3, pp90RSK3, RSK1, now swapped with RSK1), RSK3",Nucleus. Cytoplasm.
RYK,Tyrosine-protein kinase RYK,TK,Ryk,-,P34925,RYK_HUMAN,"JTK5A, RYK1, RYK, JTK5, D3S3195",Membrane ; Single-pass type I membrane protein . Nucleus . Cytoplasm .
PLK4,Serine/threonine-protein kinase PLK4,Other,PLK,-,O00444,PLK4_HUMAN,"SAK, STK18, PLK4","Cytoplasm, cytoskeleton, microtubule organizing center, centrosome, centriole . Nucleus, nucleolus . Cleavage furrow."
p38b,Mitogen-activated protein kinase 11,CMGC,MAPK,p38,Q15759,MK11_HUMAN,"p38Beta, P38B, p38-2, P38-2, p38-BETA, P38BETA2, MAPK11, p38b, P38BETA, PRKM11, SAPK2, SAPK2B",Cytoplasm . Nucleus .
p38g,Mitogen-activated protein kinase 12,CMGC,MAPK,p38,P53778,MK12_HUMAN,"P38GAMMA, ERK3, ERK6, p38g, MAPK12, PRKM12, SAPK-3, p38_gamma, SAPK3",Cytoplasm. Nucleus. Mitochondrion.
p38d,Mitogen-activated protein kinase 13,CMGC,MAPK,p38,O15264,MK13_HUMAN,"PRKM13, p38d, P38DELTA, MGC99536, MAPK13, SAPK4, p38delta",-
MAST1,Microtubule-associated serine/threonine-protein kinase 1,AGC,MAST,-,Q9Y2H9,MAST1_HUMAN,"SAST170, MAST1, SAST, KIAA0973","Cell membrane ; Peripheral membrane protein ; Cytoplasmic side . Cytoplasm, cytoskeleton . Cell projection, axon . Cell projection, dendrite ."
SGK1,Serine/threonine-protein kinase Sgk1,AGC,SGK,-,O00141,SGK1_HUMAN,"SGK, SGK1",Cytoplasm. Nucleus. Endoplasmic reticulum membrane. Cell membrane. Mitochondrion. Isoform 2: Cell membrane.
SLK,STE20-like serine/threonine-protein kinase,STE,STE20,SLK,Q9H2G2,SLK_HUMAN,"MGC133067, STK2, KIAA0204, SLK, bA16H23.1, se20-9",Cytoplasm .
PLK2,Serine/threonine-protein kinase PLK2,Other,PLK,-,Q9NYY3,PLK2_HUMAN,"PLK2, SNK","Cytoplasm, cytoskeleton, microtubule organizing center, centrosome, centriole . Cell projection, dendrite ."
MLK3,Mitogen-activated protein kinase kinase kinase 11,TKL,MLK,MLK,Q16584,M3K11_HUMAN,"PTK1, MGC17114, MLK3, MLK-3, MAP3K11, SPRK","Cytoplasm, cytoskeleton, microtubule organizing center, centrosome ."
SRC,Proto-oncogene tyrosine-protein kinase Src,TK,Src,-,P12931,SRC_HUMAN,"p60-Src, SRC, SRC1, ASV, c-SRC","Cell membrane . Mitochondrion inner membrane . Nucleus . Cytoplasm, cytoskeleton . Cytoplasm, perinuclear region ."
SRPK1,SRSF protein kinase 1,CMGC,SRPK,-,Q96SB4,SRPK1_HUMAN,"SFRSK1, SRPK1",Isoform 2: Cytoplasm. Nucleus. Nucleus matrix. Microsome. Isoform 1: Cytoplasm. Nucleus matrix. Microsome.
SRPK2,SRSF protein kinase 2,CMGC,SRPK,-,P78362,SRPK2_HUMAN,"SFRSK2, FLJ36101, SRPK2",Cytoplasm. Nucleus.
CDKL5,Cyclin-dependent kinase-like 5,CMGC,CDKL,-,O76039,CDKL5_HUMAN,"CDKL5, STK9, ISSX","Nucleus . Cytoplasm, cytoskeleton, cilium basal body . Cytoplasm, cytoskeleton, microtubule organizing center, centrosome ."
TAO2,Serine/threonine-protein kinase TAO2,STE,STE20,TAO,Q9UL54,TAOK2_HUMAN,"PSK, KIAA0881, TAO2, MAP3K17, PSK1, TAO1, TAOK2","Cytoplasmic vesicle membrane ; Multi-pass membrane protein . Cytoplasm, cytoskeleton. Nucleus. Isoform 2: Cell projection, dendrite."
SYK,Tyrosine-protein kinase SYK,TK,Syk,-,P43405,KSYK_HUMAN,SYK,"Cell membrane . Cytoplasm, cytosol ."
TAK1,Mitogen-activated protein kinase kinase kinase 7,TKL,MLK,TAK1,O43318,M3K7_HUMAN,"TGF1a, TAK1, MAP3K7",Cytoplasm . Cell membrane ; Peripheral membrane protein ; Cytoplasmic side .
BMPR2,Bone morphogenetic protein receptor type-2,TKL,STKR,STKR2,Q13873,BMPR2_HUMAN,"T-ALK, BMPR-II, PPH1, BRK-3, BMR2, BMPRII, BMPR2, BMPR3",Cell membrane ; Single-pass type I membrane protein.
TEC,Tyrosine-protein kinase Tec,TK,Tec,-,P42680,TEC_HUMAN,"MGC126760, MGC126762, TEC, PSCTK4","Cytoplasm. Cell membrane; Peripheral membrane protein. Cytoplasm, cytoskeleton."
TIE2,Angiopoietin-1 receptor,TK,Tie,-,Q02763,TIE2_HUMAN,"VMCM1, TEK, HPK-6, VMCM, TIE2, CD202B, TIE-2","Cell membrane ; Single-pass type I membrane protein. Cell junction . Cell junction, focal adhesion . Cytoplasm, cytoskeleton. Secreted ."
TESK1,Dual specificity testis-specific protein kinase 1,TKL,LISK,TESK,Q15569,TESK1_HUMAN,TESK1,-
TGFbR2,TGF-beta receptor type-2,TKL,STKR,STKR2,P37173,TGFR2_HUMAN,"TAAD2, TGFbR2, HNPCC6, MFS2, TbetaR-II, TGFBR2, TGFR-2, TGFbeta-RII, TbetaRII, RIIC, AAT3, TGF_beta_RII, FAA3",Cell membrane ; Single-pass type I membrane protein . Membrane raft .
TIE1,Tyrosine-protein kinase receptor Tie-1,TK,Tie,-,P35590,TIE1_HUMAN,"JTK14, TIE, TIE1",Cell membrane ; Single-pass type I membrane protein .
TTN,Titin,CAMK,MLCK,-,Q8WZ42,TITIN_HUMAN,"CMPD4, FLJ26409, HMERF, DKFZp451N061, FLJ43066, FLJ26020, CMH9, LGMD2J, FLJ34413, TMD, TTN, FLJ39564, CMD1G, connectin, FLJ32040",Cytoplasm . Nucleus .
TLK1,Serine/threonine-protein kinase tousled-like 1,Other,TLK,-,Q9UKI8,TLK1_HUMAN,"KIAA0137, PKU-BETA, TLK1",Nucleus .
TLK2,Serine/threonine-protein kinase tousled-like 2,Other,TLK,-,Q86UE8,TLK2_HUMAN,"Hs.57553, MGC44450, PKU-ALPHA, TLK2","Nucleus. Cytoplasm, perinuclear region. Cytoplasm, cytoskeleton."
TNK1,Non-receptor tyrosine-protein kinase TNK1,TK,Ack,-,Q13470,TNK1_HUMAN,"TNK1, MGC46193",Cytoplasm . Membrane ; Peripheral membrane protein .
Trio,Triple functional domain protein,CAMK,Trio,-,O75962,TRIO_HUMAN,"tgat, Trio, TRIO",Cytoplasm . Cell projection .
TRKA,High affinity nerve growth factor receptor,TK,Trk,-,P04629,NTRK1_HUMAN,"TRK, TRK1, TRKA, NTRK1, TRK-A, p140-TrkA, DKFZp781I14186, MTC",Cell membrane ; Single-pass type I membrane protein . Early endosome membrane ; Single-pass type I membrane protein . Late endosome membrane ; Single-pass type I membrane protein . Recycling endosome membrane ; Single-pass type I membrane protein .
TRKB,BDNF/NT-3 growth factors receptor,TK,Trk,-,Q16620,NTRK2_HUMAN,"GP145-TrkB, TRKB, NTRK2","Cell membrane ; Single-pass type I membrane protein . Endosome membrane ; Single-pass type I membrane protein . Early endosome membrane . Cell projection, axon . Cell projection, dendrite . Cytoplasm, perinuclear region . Cell junction, synapse, postsynaptic density ."
TRKC,NT-3 growth factor receptor,TK,Trk,-,Q16288,NTRK3_HUMAN,"TRKC, gp145(trkC), NTRK3",Membrane; Single-pass type I membrane protein.
TRRAP,Transformation/transcription domain-associated protein,Atypical,PIKK,TRRAP,Q9Y4A5,TRRAP_HUMAN,"PAF400, TR-AP, STAF40, Tra1, TRRAP, FLJ10671, PAF350/400",Nucleus .
TTK,Dual specificity protein kinase TTK,Other,TTK,-,P33981,TTK_HUMAN,"TTK, MPS1L1, PYT, ESK, FLJ38280",-
TXK,Tyrosine-protein kinase TXK,TK,Tec,-,P42681,TXK_HUMAN,"TXK, PTK4, RLK, TKL, PSCTK5, MGC22473, BTKL",Cytoplasm . Nucleus . Cell membrane ; Peripheral membrane protein .
TYK2,Non-receptor tyrosine-protein kinase TYK2,TK,Jak,-,P29597,TYK2_HUMAN,"TYK2, JTK1",-
TYRO3,Tyrosine-protein kinase receptor TYRO3,TK,Axl,-,Q06418,TYRO3_HUMAN,"DTK, RSE, Brt, SKY, BYK, TIF, Tif, TYRO3",Cell membrane; Single-pass type I membrane protein.
ULK1,Serine/threonine-protein kinase ULK1,Other,ULK,-,O75385,ULK1_HUMAN,"FLJ38455, Unc51.1, ULK1, UNC51, ATG1","Cytoplasm, cytosol . Preautophagosomal structure ."
ULK2,Serine/threonine-protein kinase ULK2,Other,ULK,-,Q8IYT8,ULK2_HUMAN,"ULK2, KIAA0623, Unc51.2",Cytoplasmic vesicle membrane ; Peripheral membrane protein .
VRK1,Serine/threonine-protein kinase VRK1,CK1,VRK,-,Q99986,VRK1_HUMAN,"MGC117401, MGC138280, MGC142070, VRK1","Cytoplasm. Nucleus. Cytoplasm, cytoskeleton, spindle ."
VRK2,Serine/threonine-protein kinase VRK2,CK1,VRK,-,Q86Y07,VRK2_HUMAN,VRK2,Isoform 1: Cytoplasm. Endoplasmic reticulum membrane ; Single-pass type IV membrane protein . Mitochondrion membrane ; Single-pass type IV membrane protein . Nucleus envelope .; Isoform 2: Cytoplasm . Nucleus .
Wee1,Wee1-like protein kinase,Other,WEE,-,P30291,WEE1_HUMAN,"FLJ16446, Wee1, WEE1, DKFZp686I18166, WEE1hu",Cytoplasm .
YES,Tyrosine-protein kinase Yes,TK,Src,-,P07947,YES_HUMAN,"HsT441, c-yes, C-YES, Yes, YES, P61-YES, YES1","Cell membrane. Cytoplasm, cytoskeleton, microtubule organizing center, centrosome. Cytoplasm, cytosol."
YSK1,Serine/threonine-protein kinase 25,STE,STE20,YSK,O00506,STK25_HUMAN,"DKFZp686J1430, STK25, YSK1, SOK1",Cytoplasm . Golgi apparatus .
ZAP70,Tyrosine-protein kinase ZAP-70,TK,Syk,-,P43403,ZAP70_HUMAN,"STD, SRK, TZK, ZAP70, ZAP-70",Cytoplasm . Cell membrane ; Peripheral membrane protein .
LZK,Mitogen-activated protein kinase kinase kinase 13,TKL,MLK,LZK,O43283,M3K13_HUMAN,"LZK, MAP3K13, MGC133196",Cytoplasm . Membrane ; Peripheral membrane protein .
DDR1,Epithelial discoidin domain-containing receptor 1,TK,DDR,-,Q08345,DDR1_HUMAN,"PTK3, EDDR1, NTRK4, DDR, DDR1, trkE, CD167, CAK, RTK6, PTK3A, TRKE, MCK10, NEP",Isoform 1: Cell membrane; Single-pass type I membrane protein.; Isoform 2: Cell membrane; Single-pass type I membrane protein.; Isoform 3: Secreted .; Isoform 4: Cell membrane; Single-pass type I membrane protein.
ADCK1,Uncharacterized aarF domain-containing protein kinase 1,Atypical,ABC1,ABC1-B,Q86TW2,ADCK1_HUMAN,"LOC57143, FLJ39600, ADCK1",Secreted .
KDR,Vascular endothelial growth factor receptor 2,TK,VEGFR,-,P35968,VGFR2_HUMAN,"FLK1, VEGFR, FLK-1, Hs.12337, VEGFR2, VEGFR-2, Hs.KDR, CD309, KDR",Cell junction . Endoplasmic reticulum . Isoform 1: Cell membrane; Single-pass type I membrane protein. Cytoplasm. Nucleus. Cytoplasmic vesicle. Early endosome. Isoform 2: Secreted .; Isoform 3: Secreted.
ALK7,Activin receptor type-1C,TKL,STKR,STKR1,Q8NER5,ACV1C_HUMAN,"ALK7, ACVRLK7, ACVR1C",Membrane ; Single-pass type I membrane protein .
AurB,Aurora kinase B,Other,Aur,-,Q96GD4,AURKB_HUMAN,"AURKB, AIRK2(AIM1, AIM-1, AIK2, AIM1, STK12, IPL1, STK5, AurB, ARK2","Nucleus. Chromosome. Chromosome, centromere. Cytoplasm, cytoskeleton, spindle. Midbody."
AurA,Aurora kinase A,Other,Aur,-,O14965,AURKA_HUMAN,"MGC34538, BTAK, STK7, STK15, AURORA2, AURA, AIK, AurA, STK6, ARK1, AURKA","Cytoplasm, cytoskeleton, microtubule organizing center, centrosome . Cytoplasm, cytoskeleton, spindle pole . Cytoplasm, cytoskeleton, cilium basal body . Cytoplasm, cytoskeleton, microtubule organizing center, centrosome, centriole . Cell projection, neuron projection ."
Erk5,Mitogen-activated protein kinase 7,CMGC,MAPK,ERK5,Q13164,MK07_HUMAN,"ERK4, Erk5, BMK1, PRKM7, MAPK7, ERK5","Cytoplasm. Nucleus. Nucleus, PML body."
BUB1,Mitotic checkpoint serine/threonine-protein kinase BUB1,Other,BUB,-,O43683,BUB1_HUMAN,"BUB1A, BUB1, hBUB1, BUB1L","Nucleus. Chromosome, centromere, kinetochore."
DDR2,Discoidin domain-containing receptor 2,TK,DDR,-,Q16832,DDR2_HUMAN,"DDR2, TKT, NTRKR3, TYRO10, MIG20a",Cell membrane ; Single-pass type I membrane protein .
CCK4,Inactive tyrosine-protein kinase 7,TK,CCK4,-,Q13308,PTK7_HUMAN,"PTK7, CCK4",Membrane ; Single-pass type I membrane protein . Cell junction .
LIMK1,LIM domain kinase 1,TKL,LISK,LIMK,P53667,LIMK1_HUMAN,"LIMK, LIMK1","Cytoplasm . Nucleus . Cytoplasm, cytoskeleton . Cell projection, lamellipodium ."
LMR1,Serine/threonine-protein kinase LMTK1,TK,Lmr,-,Q6ZMQ8,LMTK1_HUMAN,"KIAA0641, AATYK, LMTK1, LMR1, AATK","Membrane ; Single-pass type I membrane protein . Cytoplasm . Cytoplasm, perinuclear region ."
LMR2,Serine/threonine-protein kinase LMTK2,TK,Lmr,-,Q8IWU2,LMTK2_HUMAN,"BREK, LMTK2, AATYK2, LMR2, KIAA1079, KPI2, cprk, KPI-2",Membrane ; Multi-pass membrane protein .
LMR3,Serine/threonine-protein kinase LMTK3,TK,Lmr,-,Q96Q04,LMTK3_HUMAN,"LMTK3, TYKLM3, LMR3, KIAA1883","Membrane ; Single-pass membrane protein . Cell projection, axon . Cell projection, dendrite . Golgi apparatus membrane ."
EphA7,Ephrin type-A receptor 7,TK,Eph,-,Q15375,EPHA7_HUMAN,"EphA7, EPHA7, HEK11, EHK3",Cell membrane ; Single-pass type I membrane protein .
BMX,Cytoplasmic tyrosine-protein kinase BMX,TK,Tec,-,P51813,BMX_HUMAN,"ETK, BMX, PSCTK2, PSCTK3",Cytoplasm .
CTK,Megakaryocyte-associated tyrosine-protein kinase,TK,Csk,-,P42679,MATK_HUMAN,"HYLTK, MGC2101, CHK, HYL, Lsk, DKFZp434N1212, MGC1708, MATK, HHYLTK, CTK",Cytoplasm . Membrane .
FRK,Tyrosine-protein kinase FRK,TK,Src,-,P42685,FRK_HUMAN,"FRK, GTK, PTK5, RAK",Cytoplasm . Nucleus .
NEK6,Serine/threonine-protein kinase Nek6,Other,NEK,-,Q9HC98,NEK6_HUMAN,"NEK6, SID6-1512","Cytoplasm. Nucleus. Nucleus speckle. Cytoplasm, cytoskeleton, microtubule organizing center, centrosome. Cytoplasm, cytoskeleton, spindle pole."
NEK7,Serine/threonine-protein kinase Nek7,Other,NEK,-,Q8TDX7,NEK7_HUMAN,NEK7,"Nucleus . Cytoplasm . Cytoplasm, cytoskeleton, spindle pole . Cytoplasm, cytoskeleton, microtubule organizing center, centrosome ."
AAK1,AP2-associated protein kinase 1,Other,NAK,-,Q2M2I8,AAK1_HUMAN,"KIAA1048, AAK1, MGC138170","Cell membrane ; Peripheral membrane protein . Membrane, clathrin-coated pit . Cell junction, synapse, presynapse ."
ChaK1,Transient receptor potential cation channel subfamily M member 7,Atypical,Alpha,ChaK,Q96QT4,TRPM7_HUMAN,"FLJ25718, FLJ20117, CHAK, ChaK1, LTRPC7, CHAK1, TRP-PLIK, TRPM7",Membrane ; Multi-pass membrane protein .
PYK2,Protein-tyrosine kinase 2-beta,TK,FAK,-,Q14289,FAK2_HUMAN,"FAK2, FADK2, PTK, PYK2, CAK_beta, CADTK, PKB, PTK2B, RAFTK, CAKB","Cytoplasm. Cytoplasm, perinuclear region. Cell membrane; Peripheral membrane protein; Cytoplasmic side. Cell junction, focal adhesion. Cell projection, lamellipodium. Cytoplasm, cell cortex. Nucleus."
SRM,Tyrosine-protein kinase Srms,TK,Src,-,Q9H3Y6,SRMS_HUMAN,"C20orf148, SRMS, dJ697K14.1, SRM",Cytoplasm .
LOK,Serine/threonine-protein kinase 10,STE,STE20,SLK,O94804,STK10_HUMAN,"LOK, STK10, PRO2729",Cell membrane ; Peripheral membrane protein .
KHS2,Mitogen-activated protein kinase kinase kinase kinase 3,STE,STE20,KHS,Q8IVH8,M4K3_HUMAN,"MAPKKKK3, MAP4K3, GLK, KHS2, RAB8IPL1",-
OSR1,Serine/threonine-protein kinase OSR1,STE,STE20,FRAY,O95747,OXSR1_HUMAN,"OSR1, OXSR1, KIAA1101",Cytoplasm .
PAK6,Serine/threonine-protein kinase PAK 6,STE,STE20,PAKB,Q9NQU5,PAK6_HUMAN,"PAK5, PAK6",Cytoplasm. Nucleus.
PAK4,Serine/threonine-protein kinase PAK 4,STE,STE20,PAKB,O96013,PAK4_HUMAN,PAK4,Cytoplasm .
MST4,Serine/threonine-protein kinase MST4,STE,STE20,YSK,Q9P289,STK26_HUMAN,"MST4, MASK, LOC51765, RP6-213H19.1",Cytoplasm . Golgi apparatus .
STLK3,STE20/SPS1-related proline-alanine-rich protein kinase,STE,STE20,FRAY,Q9UEW8,STK39_HUMAN,"SPAK, STLK3, PASK, DKFZp686K05124, STK39, DCHT",Cytoplasm . Nucleus .
STLK5,STE20-related kinase adapter protein alpha,STE,STE20,STLK,Q7RTN6,STRAA_HUMAN,"STRAD, FLJ90524, LYK5, STLK5",Nucleus . Cytoplasm .
STLK6,STE20-related kinase adapter protein beta,STE,STE20,STLK,Q9C0K7,STRAB_HUMAN,"CALS-21, MGC102916, PAPK, STLK6, ILPIPA, PRO1038, ILPIP, ALS2CR2",Nucleus . Cytoplasm .
TAO3,Serine/threonine-protein kinase TAO3,STE,STE20,TAO,Q9H2K8,TAOK3_HUMAN,"DKFZp666H245, JIK, FLJ31808, MAP3K18, TAO3, DPK, TAOK3",Cytoplasm . Cell membrane ; Peripheral membrane protein .
TAO1,Serine/threonine-protein kinase TAO1,STE,STE20,TAO,Q7L7X3,TAOK1_HUMAN,"KIAA1361, FLJ14314, TAOK1, MARKK, PSK2, MAP3K16, TAO1",Cytoplasm .
HGK,Mitogen-activated protein kinase kinase kinase kinase 4,STE,STE20,MSN,O95819,M4K4_HUMAN,"HGK, ZC1",Cytoplasm .
TNIK,TRAF2 and NCK-interacting protein kinase,STE,STE20,MSN,Q9UKE5,TNIK_HUMAN,"TNIK, ZC2","Nucleus. Cytoplasm. Recycling endosome. Cytoplasm, cytoskeleton."
MINK,Misshapen-like kinase 1,STE,STE20,MSN,Q8N4C8,MINK1_HUMAN,"MINK, ZC3","Cytoplasm . Cell junction, synapse, postsynaptic density . Cell projection, axon . Cell projection, dendrite .; Isoform 4: Golgi apparatus."
NRK,Nik-related protein kinase,STE,STE20,MSN,Q7Z2Y5,NRK_HUMAN,"NRK, ZC4",-
LATS1,Serine/threonine-protein kinase LATS1,AGC,NDR,-,O95835,LATS1_HUMAN,"LATS1, wts, WARTS","Cytoplasm, cytoskeleton, microtubule organizing center, centrosome ."
LATS2,Serine/threonine-protein kinase LATS2,AGC,NDR,-,Q9NRM7,LATS2_HUMAN,"LATS2, KPM, FLJ13161","Cytoplasm, cytoskeleton, microtubule organizing center, centrosome. Cytoplasm. Cytoplasm, cytoskeleton, spindle pole. Nucleus."
NIM1,Serine/threonine-protein kinase NIM1,CAMK,CAMKL,NIM1,Q8IY84,NIM1_HUMAN,"NIM1, MGC42105",-
ULK3,Serine/threonine-protein kinase ULK3,Other,ULK,-,Q6PHR2,ULK3_HUMAN,"FLJ90566, ULK3, DKFZP434C131",Cytoplasm .
CLIK1L,Serine/threonine-protein kinase PDIK1L,Other,NKF4,-,Q8N165,PDK1L_HUMAN,"RP11-96L14.4, CLIK1L, PDIK1L",Nucleus .
TTBK2,Tau-tubulin kinase 2,CK1,TTBK,-,Q6IQ55,TTBK2_HUMAN,"TTBK2, KIAA0847, TTBK","Cell projection, cilium . Cytoplasm, cytoskeleton, cilium basal body . Cytoplasm, cytoskeleton, microtubule organizing center, centrosome, centriole. Cytoplasm, cytosol. Nucleus."
SCYL1,N-terminal kinase-like protein,Other,SCY1,-,Q96KG9,SCYL1_HUMAN,"NTKL, TEIF, P105, NKTL, SCYL1, MGC78454, GKLP, TAPK, HT019, TRAP","Cytoplasm, cytoskeleton, microtubule organizing center, centrosome . Endoplasmic reticulum-Golgi intermediate compartment . Golgi apparatus, cis-Golgi network . Isoform 1: Cytoplasm. Isoform 2: Cytoplasm. Isoform 3: Cytoplasm. Cytoplasm, cytoskeleton, microtubule organizing center, centrosome. Isoform 6: Nucleus ."
MASTL,Serine/threonine-protein kinase greatwall,AGC,MAST,-,Q96GX5,GWL_HUMAN,"RP11-85G18.2, FLJ14813, THC2, MASTL","Cytoplasm, cytoskeleton, microtubule organizing center, centrosome . Nucleus . Cleavage furrow ."
PINK1,Serine/threonine-protein kinase PINK1,Other,NKF2,-,Q9BXM7,PINK1_HUMAN,"PINK1, PARK6, BRPK, FLJ27236","Mitochondrion outer membrane ; Single-pass membrane protein . Mitochondrion inner membrane ; Single-pass membrane protein . Mitochondrion . Cytoplasm, cytosol ."
ULK4,Serine/threonine-protein kinase ULK4,Other,ULK,-,Q96C45,ULK4_HUMAN,"FAM7C1, FLJ20574, DKFZp434E1822, ULK4, REC01035",-
MLKL,Mixed lineage kinase domain-like protein,TKL,TKL-Unique,-,Q8NB16,MLKL_HUMAN,"FLJ34389, MLKL",Cytoplasm . Cell membrane .
SgK493,Protein kinase domain-containing protein,Other,SgK493,-,Q504Y2,PKDCC_HUMAN,"SgK493, MGC125960, LOC91461",Secreted . Golgi apparatus .
PFTAIRE2,Cyclin-dependent kinase 15,CMGC,CDK,PFTAIRE,Q96Q40,CDK15_HUMAN,"ALS2CR7, PFTAIRE2",-
STK33,Serine/threonine-protein kinase 33,CAMK,STK33,-,Q9BYT3,STK33_HUMAN,STK33,"Cytoplasm, perinuclear region ."
PRPK,TP53-regulating kinase,Other,Bud32,-,Q96S44,PRPK_HUMAN,"BUD32, PRPK, Nori-2, C20orf64, 2, dJ101A2, TP53RK, Nori-2p",Cytoplasm . Nucleus .
Erk7,Mitogen-activated protein kinase 15,CMGC,MAPK,ERK7,Q8TD08,MK15_HUMAN,"ERK8, MAPK15, ERK7, Erk7","Cytoplasm, cytoskeleton, cilium basal body . Cell junction, tight junction . Cytoplasm, cytoskeleton, microtubule organizing center, centrosome, centriole . Cytoplasmic vesicle, autophagosome . Golgi apparatus . Nucleus . Cytoplasm . Cytoplasm, cytoskeleton, spindle ."
CDKL4,Cyclin-dependent kinase-like 4,CMGC,CDKL,-,Q5MAI5,CDKL4_HUMAN,CDKL4,Cytoplasm .
SCYL3,Protein-associating with the carboxyl-terminal domain of ezrin,Other,SCY1,-,Q8IZE3,PACE1_HUMAN,"LOC57147, PACE-1, PACE1, SCYL3, RP1-97P20.2","Cytoplasm . Golgi apparatus . Cell projection, lamellipodium ."
YANK3,Serine/threonine-protein kinase 32C,AGC,YANK,-,Q86UX6,ST32C_HUMAN,"STK32C, RP11-140A10.1, MGC23665, PKE, YANK3",-
NEK9,Serine/threonine-protein kinase Nek9,Other,NEK,-,Q8TD19,NEK9_HUMAN,"MGC138306, NERCC, DKFZp434D0935, Nek8, NEK9, NERCC1, MGC16714",Cytoplasm . Nucleus .
TSSK3,Testis-specific serine/threonine-protein kinase 3,CAMK,TSSK,-,Q96PN8,TSSK3_HUMAN,"STK22D, TSSK3, STK22C, SPOGA3",-
NuaK2,NUAK family SNF1-like kinase 2,CAMK,CAMKL,NuaK,Q9H093,NUAK2_HUMAN,"DKFZP434J037, NuaK2, DKFZp686F01113, SNARK, FLJ90349, NUAK2",-
RSKL2,Ribosomal protein S6 kinase-like 1,AGC,RSKL,-,Q9Y6S9,RPKL1_HUMAN,"FLJ35734, MGC11287, RPS6KL1, RSKL2",-
TSSK2,Testis-specific serine/threonine-protein kinase 2,CAMK,TSSK,-,Q96PF2,TSSK2_HUMAN,"STK22B, FLJ38613, DGS-G, TSSK2, SPOGA2","Cytoplasm . Cytoplasm, cytoskeleton, microtubule organizing center, centrosome, centriole ."
SCYL2,SCY1-like protein 2,Other,SCY1,-,Q6P3W7,SCYL2_HUMAN,"FLJ10074, KIAA1360, SCYL2, CVAK104","Cytoplasm, perinuclear region. Cytoplasmic vesicle, clathrin-coated vesicle. Golgi apparatus, trans-Golgi network membrane. Endosome membrane."
NEK8,Serine/threonine-protein kinase Nek8,Other,NEK,-,Q86SG6,NEK8_HUMAN,"MGC138445, NEK12A, NEK8, JCK","Cytoplasm . Cytoplasm, cytoskeleton . Cell projection, cilium . Cytoplasm, cytoskeleton, microtubule organizing center, centrosome ."
BARK2,Beta-adrenergic receptor kinase 2,AGC,GRK,BARK,P35626,ARBK2_HUMAN,"BARK2, ADRBK2, GRK3",-
NRBP1,Nuclear receptor-binding protein,Other,NRBP,-,Q9UHY1,NRBP_HUMAN,"MUDPNP, FLJ35541, NRBP, MADM, FLJ27109, BCON3, NRBP1","Cytoplasm, cell cortex . Endomembrane system . Cell projection, lamellipodium ."
PKD2,Serine/threonine-protein kinase D2,CAMK,PKD,-,Q9BZL6,KPCD2_HUMAN,"PKD2, PRKD2, HSPC187","Cytoplasm . Cell membrane . Nucleus . Golgi apparatus, trans-Golgi network ."
YANK2,Serine/threonine-protein kinase 32B,AGC,YANK,-,Q9NY57,ST32B_HUMAN,"STK32B, STK32, STKG6, HSA250839, YANK2",-
CaMKK2,Calcium/calmodulin-dependent protein kinase kinase 2,Other,CAMKK,CAMKK-Meta,Q96RR4,KKCC2_HUMAN,"CAMKKB, MGC15254, CAMKK2, Hs.197806, CAMKK, CaMKK2, KIAA0787","Nucleus . Cytoplasm . Cell projection, neuron projection ."
CCRK,Cyclin-dependent kinase 20,CMGC,CDK,-,Q8IZL9,CDK20_HUMAN,"CDCH, CCRK, p42","Nucleus . Cytoplasm . Cell projection, cilium ."
CLK4,Dual specificity protein kinase CLK4,CMGC,CLK,-,Q9HAZ1,CLK4_HUMAN,"DKFZp686A20267, CLK4",Nucleus .
CRK7,Cyclin-dependent kinase 12,CMGC,CDK,CRK7,Q9NYV4,CDK12_HUMAN,"CRKR, CrkRS, CRK7, CRKRS, KIAA0904",Nucleus. Nucleus speckle.
DRAK1,Serine/threonine-protein kinase 17A,CAMK,DAPK,-,Q9UEE5,ST17A_HUMAN,"DRAK1, STK17A",Nucleus .
DRAK2,Serine/threonine-protein kinase 17B,CAMK,DAPK,-,O94768,ST17B_HUMAN,"DRAK2, STK17B",Nucleus . Cell membrane . Endoplasmic reticulum-Golgi intermediate compartment .
DYRK3,Dual specificity tyrosine-phosphorylation-regulated kinase 3,CMGC,DYRK,DYRK2,O43781,DYRK3_HUMAN,"REDK, DYRK3, DYRK5, RED","Nucleus . Cytoplasm . Nucleus speckle . Cytoplasmic granule . Cytoplasm, cytoskeleton, microtubule organizing center, centrosome ."
PKD3,Serine/threonine-protein kinase D3,CAMK,PKD,-,O94806,KPCD3_HUMAN,"PRKCN, PKD3, nPKC-NU, PKC-NU, EPK2, PKCnu, PRKD3",Cytoplasm . Membrane .
GCN2,Eukaryotic translation initiation factor 2-alpha kinase 4,Other,PEK,GCN2,Q9P2K8,E2AK4_HUMAN,"GCN2, KIAA1338, EIF2AK4",Cytoplasm .
SgK494,Uncharacterized serine/threonine-protein kinase SgK494,AGC,RSKR,-,Q96LW2,KS6R_HUMAN,"SgK494, FLJ25006",-
SgK495,Serine/threonine-protein kinase 40,CAMK,SgK495,-,Q8N2I9,STK40_HUMAN,"SHIK, MGC4796, RP11-268J15.4, STK40, SgK495",Nucleus . Cytoplasm .
CLIK1,Serine/threonine-protein kinase 35,Other,NKF4,-,Q8TDR2,STK35_HUMAN,"STK35, CLIK1","Nucleus. Nucleus, nucleolus. Cytoplasm."
HH498,Serine/threonine-protein kinase TNNI3K,TKL,MLK,HH498,Q59H18,TNI3K_HUMAN,"HH498, MGC33828, MGC142099, CARK, TNNI3K, LOC51086",Nucleus . Cytoplasm .
HIPK2,Homeodomain-interacting protein kinase 2,CMGC,DYRK,HIPK,Q9H2X6,HIPK2_HUMAN,"HIPK2, PRO0593","Nucleus, PML body . Cytoplasm."
HRI,Eukaryotic translation initiation factor 2-alpha kinase 1,Other,PEK,-,Q9BQI3,E2AK1_HUMAN,"EIF2AK1, HRI, KIAA1369",Cytoplasm .
ICK,Serine/threonine-protein kinase ICK,CMGC,RCK,-,Q9UPZ9,ICK_HUMAN,"ICK, KIAA0936, MGC43611, MGC131603, ROCK1, P160ROCK","Nucleus . Cytoplasm, cytosol . Cell projection, cilium . Cytoplasm, cytoskeleton, cilium basal body . Isoform 2: Cytoplasm ."
IRE2,Serine/threonine-protein kinase/endoribonuclease IRE2,Other,IRE,-,Q76MJ5,ERN2_HUMAN,"IRE2, ERN2, IRE1b",Endoplasmic reticulum membrane ; Single-pass type I membrane protein .
PASK,PAS domain-containing serine/threonine-protein kinase,CAMK,CAMKL,PASK,Q96RG2,PASK_HUMAN,"PASK, PASKIN, DKFZp686P2031, DKFZP434O051, STK37, KIAA0135",Cytoplasm . Nucleus .
NDR2,Serine/threonine-protein kinase 38-like,AGC,NDR,-,Q9Y2H1,ST38L_HUMAN,"KIAA0965, STK38L, NDR2","Cytoplasm. Cytoplasm, cytoskeleton. Membrane."
QSK,Serine/threonine-protein kinase SIK3,CAMK,CAMKL,QIK,Q9Y2K2,SIK3_HUMAN,"QSK, KIAA0999, FLJ12240, L19",Cytoplasm .
HUNK,Hormonally up-regulated neu tumor-associated kinase,CAMK,CAMKL,HUNK,P57058,HUNK_HUMAN,HUNK,-
MAP3K6,Mitogen-activated protein kinase kinase kinase 6,STE,STE11,-,O95382,M3K6_HUMAN,"MGC20114, MGC125653, MAP3K6, MAPKKK6, ASK2",-
ZAK,Mitogen-activated protein kinase kinase kinase MLT,TKL,MLK,ZAK,Q9NYL2,M3K20_HUMAN,"MLTK, LOC51784, ZAK, mlklak, MLK7, LOC51776, AZK, MLT, MRK",Cytoplasm . Nucleus .
MOK,MAPK/MAK/MRK overlapping kinase,CMGC,RCK,-,Q9UQ07,MOK_HUMAN,"MOK, RAGE1, RAGE","Cytoplasm . Cell projection, cilium . Nucleus ."
MPSK1,Serine/threonine-protein kinase 16,Other,NAK,-,O75716,STK16_HUMAN,"PKL12, STK16, MPSK, MPSK1, TSF1, FLJ39635, KRCT","Cytoplasm, perinuclear region. Membrane ; Lipid-anchor ."
MSSK1,SRSF protein kinase 3,CMGC,SRPK,-,Q9UPE1,SRPK3_HUMAN,"MGC102944, STK23, SRPK3, MSSK1",-
Wnk1,Serine/threonine-protein kinase WNK1,Other,WNK,-,Q9H4A3,WNK1_HUMAN,"KIAA0344, Wnk1, PRKWNK1, WNK1, KDP, PHA2C",Cytoplasm .
CDKL3,Cyclin-dependent kinase-like 3,CMGC,CDKL,-,Q8IVW4,CDKL3_HUMAN,"NKIAMRE, LOC51265, CDKL3",Cytoplasm .
PAK5,Serine/threonine-protein kinase PAK 7,STE,STE20,PAKB,Q9P286,PAK5_HUMAN,"MGC26232, PAK5, PAK7, KIAA1264",Mitochondrion. Cytoplasm. Nucleus.
PKN3,Serine/threonine-protein kinase N3,AGC,PKN,-,Q6P5Z2,PKN3_HUMAN,"PKN3, PKNBETA, pknbeta, RP11-545E17.1","Nucleus . Cytoplasm, perinuclear region ."
QIK,Serine/threonine-protein kinase SIK2,CAMK,CAMKL,QIK,Q9H0K1,SIK2_HUMAN,"SNF1LK2, DKFZp434K1115, QIK, SIK2, LOH11CR1I, KIAA0781, Hs.42676",Cytoplasm .
MARK4,MAP/microtubule affinity-regulating kinase 4,CAMK,CAMKL,MARK,Q96L34,MARK4_HUMAN,"MARK4, MARKL1, KIAA1860, Nbla00650, FLJ90097","Cytoplasm, cytoskeleton, microtubule organizing center, centrosome . Cytoplasm, cytoskeleton, microtubule organizing center . Cytoplasm, cytoskeleton, cilium basal body . Cytoplasm, cytoskeleton, cilium axoneme . Cytoplasm . Cell projection, dendrite ."
RSKL1,Ribosomal protein S6 kinase delta-1,AGC,RSKL,-,Q96S38,KS6C1_HUMAN,"humS6PKh1, RPS6KC1, RSKL1, RPK118",Cytoplasm . Membrane . Early endosome .
RSK4,Ribosomal protein S6 kinase alpha-6,AGC,RSK,RSKp90,Q9UK32,KS6A6_HUMAN,"RSK4, RPS6KA6","Cytoplasm, cytosol . Nucleus ."
NRBP2,Nuclear receptor-binding protein 2,Other,NRBP,-,Q9NSY0,NRBP2_HUMAN,"pp9320, TRG16, MGC138699, DKFZp434P086, NRBP2",Cytoplasm .
SgK071,Protein kinase-like protein SgK071,Other,SgK071,-,Q8NE28,STKL1_HUMAN,"RP11-244N20.8, C9orf96, SgK071, MGC43306",-
SGK2,Serine/threonine-protein kinase Sgk2,AGC,SGK,-,Q9HBY8,SGK2_HUMAN,"H-SGK2, dJ138B7.2, SGK2",Cytoplasm . Nucleus .
SSTK,Testis-specific serine/threonine-protein kinase 6,CAMK,TSSK,-,Q9BXA6,TSSK6_HUMAN,"TSSK6, SSTK, TSSK4, FLJ24002",-
SGK3,Serine/threonine-protein kinase Sgk3,AGC,SGK,-,Q96BR1,SGK3_HUMAN,"DKFZp781N0293, SGKL, SGK3, SGK2, CISK",Cytoplasmic vesicle . Early endosome. Recycling endosome.
TTBK1,Tau-tubulin kinase 1,CK1,TTBK,-,Q5TCY1,TTBK1_HUMAN,"BDTK, TTBK1, RP3-330M21.4, KIAA1855",Cytoplasm .
Slob,PX domain-containing protein kinase-like protein,Other,Slob,-,Q7Z7A4,PXK_HUMAN,"PXK, MONaKA, FLJ20335, Slob",Cytoplasm . Cell membrane ; Peripheral membrane protein .
PBK,Lymphokine-activated killer T-cell-originated protein kinase,Other,TOPK,-,Q96KB5,TOPK_HUMAN,"SPK, Hs.104741, LOC55872, Nori-3, FLJ14385, TOPK, LOC55886, PBK",-
SuRTK106,Tyrosine-protein kinase STYK1,TK,TK-Unique,-,Q6J9G0,STYK1_HUMAN,"DKFZp761P1010, DKFZP761P1010, NOK, SuRTK106, STYK1",Membrane ; Single-pass membrane protein .
TBK1,Serine/threonine-protein kinase TBK1,Other,IKK,-,Q9UHD2,TBK1_HUMAN,"NAK, T2K, FLJ11330, TBK1",Cytoplasm .
TESK2,Dual-specificity testis-specific protein kinase 2,TKL,LISK,TESK,Q96S53,TESK2_HUMAN,TESK2,Nucleus .
Trad,HCG2039851,CAMK,Trio,-,O60229,KALRN_HUMAN,"Trad, FLJ16443, TRAD, KALRN, duo, Hs.162189, DUET, HAPIP","Cytoplasm . Cytoplasm, cytoskeleton ."
TSSK4,Testis-specific serine/threonine-protein kinase 4,CAMK,TSSK,-,Q6SA08,TSSK4_HUMAN,"TSSK4, MGC133264, C14orf20, TSSK5, STK22E, c14_5117","Cytoplasmic vesicle, secretory vesicle, acrosome . Cell projection, cilium, flagellum ."
VRK3,Inactive serine/threonine-protein kinase VRK3,CK1,VRK,-,Q8IV63,VRK3_HUMAN,"LOC51231, VRK3",Nucleus .
caMLCK,Myosin light chain kinase 3,CAMK,MLCK,-,Q32MK0,MYLK3_HUMAN,"MGC126319, MLCK, caMLCK, MLCK2, MGC126320",Cytoplasm .
SPEG,Striated muscle preferentially expressed protein kinase,CAMK,Trio,-,Q15772,SPEG_HUMAN,"SPEG, APEG1, LOC729871",Isoform 3: Nucleus.
CK1a2,Casein kinase I isoform alpha-like,CK1,CK1,-,Q8N752,KC1AL_HUMAN,"CSNK1A1L, CK1a2, MGC33182, RP11-532O21.2",Cytoplasm .
ANKRD3,Receptor-interacting serine/threonine-protein kinase 4,TKL,RIPK,-,P57078,RIPK4_HUMAN,"DIK, ANKRD3, RIPK4, RIP4, PKK, ANKK2, MGC129992, MGC129993",Cytoplasm. Membrane ; Peripheral membrane protein .
NEK5,Serine/threonine-protein kinase Nek5,Other,NEK,-,Q6P3R8,NEK5_HUMAN,"NEK5, MGC75495",-
CaMK1d,Calcium/calmodulin-dependent protein kinase type 1D,CAMK,CAMK1,-,Q8IU85,KCC1D_HUMAN,"CaM-K1, CaMK1d, CKLiK, LOC57118, CaMKID, CAMK1D",Cytoplasm . Nucleus .
NEK11,Serine/threonine-protein kinase Nek11,Other,NEK,-,Q8NG66,NEK11_HUMAN,"NEK11, FLJ23495","Nucleus . Nucleus, nucleolus ."
GPRK7,G protein-coupled receptor kinase 7,AGC,GRK,GRK,Q8WTQ7,GRK7_HUMAN,"GRK7, GPRK7",Membrane ; Lipid-anchor .
SgK069,Serine/threonine-protein kinase SBK2,Other,NKF1,-,P0C263,SBK2_HUMAN,"SgK069, LOC646643",-
HIPK4,Homeodomain-interacting protein kinase 4,CMGC,DYRK,HIPK,Q8NE63,HIPK4_HUMAN,"FLJ32818, HIPK4",Cytoplasm .
MYO3B,Myosin-IIIb,STE,STE20,NinaC,Q8WXR4,MYO3B_HUMAN,MYO3B,"Cytoplasm, cytoskeleton. Cell projection, stereocilium ."
Wnk4,Serine/threonine-protein kinase WNK4,Other,WNK,-,Q96J92,WNK4_HUMAN,"PRKWNK4, PHA2B, WNK4, Wnk4","Cell junction, tight junction ."
SgK110,Putative uncharacterized serine/threonine-protein kinase SgK110,Other,NKF1,-,P0C264,SBK3_HUMAN,"SgK110, LOC646643",-
BRSK1,Serine/threonine-protein kinase BRSK1,CAMK,CAMKL,BRSK,Q8TDC3,BRSK1_HUMAN,"KIAA1811, FLJ43009, BRSK1","Cytoplasm . Nucleus . Cytoplasm, cytoskeleton, microtubule organizing center, centrosome . Cell junction, synapse . Cell junction, synapse, presynaptic active zone . Cytoplasmic vesicle, secretory vesicle, synaptic vesicle ."
Obscn,Obscurin,CAMK,Trio,-,Q5VST9,OBSCN_HUMAN,"Obscn, OBSCN, UNC89, MGC120410, KIAA1556, MGC120412, MGC138590, MGC120411, FLJ14124, KIAA1639, DKFZp666E245, MGC120409","Isoform 3: Cytoplasm, myofibril, sarcomere, M line . Cytoplasm, myofibril, sarcomere, Z line . Cytoplasm, myofibril, sarcomere, M line . Cytoplasm, myofibril, sarcomere, Z line . Cell membrane, sarcolemma . Nucleus ."
PSKH2,Serine/threonine-protein kinase H2,CAMK,PSK,-,Q96QS6,KPSH2_HUMAN,PSKH2,-
SIK,Serine/threonine-protein kinase SIK1,CAMK,CAMKL,QIK,P57059,SIK1_HUMAN,"SIK, SNF1LK, MSK",Cytoplasm . Nucleus .
KSR2,Kinase suppressor of Ras 2,TKL,RAF,-,Q6VAB6,KSR2_HUMAN,"KSR2, FLJ25965",Cytoplasm . Membrane ; Peripheral membrane protein .
RIOK3,Serine/threonine-protein kinase RIO3,Atypical,RIO,RIO3,O14730,RIOK3_HUMAN,"SUDD, RIOK3, DKFZp779L1370",Cytoplasm .
ADCK3,Chaperone activity of bc1 complex-like,Atypical,ABC1,ABC1-A,Q8NI60,COQ8A_HUMAN,"LOC56997, MGC4849, CABC1, ADCK3, COQ8",Mitochondrion . Membrane ; Single-pass membrane protein .
RIOK1,Serine/threonine-protein kinase RIO1,Atypical,RIO,RIO1,Q9BRS2,RIOK1_HUMAN,"bA288G3.1, RIOK1, MGC12903, AD034, FLJ30006","Cytoplasm, cytosol ."
YANK1,Serine/threonine-protein kinase 32A,AGC,YANK,-,Q8WU08,ST32A_HUMAN,"STK32A, YANK1, MGC22688",Cell membrane; Lipid-anchor .
SNRK,SNF-related serine/threonine-protein kinase,CAMK,CAMKL,SNRK,Q9NRH2,SNRK_HUMAN,"SNRK, KIAA0096, HSNFRK, FLJ20224, DKFZp779A1866",Nucleus .
EphA10,Ephrin type-A receptor 10,TK,Eph,-,Q5JZY3,EPHAA_HUMAN,"MGC43817, FLJ33655, EPHA10, FLJ16103, EphA10",Isoform 1: Cell membrane ; Single-pass type I membrane protein .; Isoform 3: Cell membrane ; Single-pass type I membrane protein .; Isoform 2: Secreted .
SgK196,Protein kinase-like protein SgK196,Other,Other-Unique,-,Q9H5K3,SG196_HUMAN,"MGC126597, SgK196, FLJ23356",Endoplasmic reticulum membrane ; Single-pass type II membrane protein .
MYO3A,Myosin-IIIa,STE,STE20,NinaC,Q8NEV4,MYO3A_HUMAN,"MYO3A, DFNB30","Cytoplasm, cytoskeleton. Cytoplasm . Cell projection, filopodium tip . Cell projection, stereocilium ."
Wnk3,Serine/threonine-protein kinase WNK3,Other,WNK,-,Q9BYP7,WNK3_HUMAN,"Wnk3, PRKWNK3, KIAA1566, WNK3",Cytoplasm .
SgK223,Tyrosine-protein kinase SgK223,Other,NKF3,-,Q86YV5,PRAG1_HUMAN,"pragmin, DKFZp761P0423, SgK223","Cytoplasm . Cell junction, focal adhesion . Nucleus ."
NEK10,Serine/threonine-protein kinase Nek10,Other,NEK,-,Q6ZWH5,NEK10_HUMAN,"FLJ32685, NEK10",-
EphA6,Ephrin type-A receptor 6,TK,Eph,-,Q9UF33,EPHA6_HUMAN,"EPA6, DKFZp434C1418, EphA6, EPHA6, FLJ35246, PRO57066",Membrane ; Single-pass type I membrane protein .
CK1g1,Casein kinase I isoform gamma-1,CK1,CK1,-,Q9HCP0,KC1G1_HUMAN,"CK1g1, CSNK1G1, CK1gamma1",Cytoplasm.
SgK269,Pseudopodium-enriched atypical kinase 1,Other,NKF3,-,Q9H792,PEAK1_HUMAN,"SgK269, FLJ21140, FLJ34483, KIAA2002","Cytoplasm, cytoskeleton . Cell junction, focal adhesion ."
SBK,Serine/threonine-protein kinase SBK1,Other,NKF1,-,Q52WX2,SBK1_HUMAN,"SBK, SBK1, Sbk",Cytoplasm .
SgK396,Serine/threonine-protein kinase 31,Other,Other-Unique,-,Q9BXU1,STK31_HUMAN,"STK31, TDRD8, SgK396, FLJ16102",-
SgK288,Ankyrin repeat and protein kinase domain-containing protein 1,TKL,RIPK,-,Q8NFD2,ANKK1_HUMAN,"PKK2, ANKK1, SgK288",-
KIS,Serine/threonine-protein kinase Kist,Other,KIS,-,Q8TAS1,UHMK1_HUMAN,"KIS, Kist, UHMK1",Nucleus .
CaMK1b,Calcium/calmodulin-dependent protein kinase type 1B,CAMK,CAMK1,-,Q6P2M8,KCC1B_HUMAN,"MGC45419, CaMK1b, PNCK",Cytoplasm . Nucleus .
TBCK,TBC domain-containing protein kinase-like protein,Other,TBCK,-,Q8TEA7,TBCK_HUMAN,"MGC16169, TBCK, HSPC302","Cytoplasm . Cytoplasm, cytoskeleton, spindle . Midbody ."
SMG1,Serine/threonine-protein kinase SMG1,Atypical,PIKK,SMG1,Q96Q15,SMG1_HUMAN,"KIAA0421, LIP, 61E3.4, SMG1, ATX",Nucleus . Cytoplasm .
skMLCK,Myosin light chain kinase 2,CAMK,MLCK,-,Q9H1R3,MYLK2_HUMAN,"MLCK, skMLCK, MYLK2, KMLC",Cytoplasm.
MAP3K7,Mitogen-activated protein kinase kinase kinase 15,STE,STE11,-,Q6ZN16,M3K15_HUMAN,"bA723P2.3, FLJ16518, MAP3K7, MAP3K15",-
LRRK2,Leucine-rich repeat serine/threonine-protein kinase 2,TKL,LRRK,-,Q5S007,LRRK2_HUMAN,"ROCO2, RIPK7, PARK8, LRRK2","Cytoplasmic vesicle . Perikaryon . Golgi apparatus membrane ; Peripheral membrane protein . Cell projection, axon . Cell projection, dendrite . Endoplasmic reticulum membrane ; Peripheral membrane protein . Cytoplasmic vesicle, secretory vesicle, synaptic vesicle membrane . Endosome . Lysosome . Mitochondrion outer membrane ; Peripheral membrane protein ."
MLK4,Mitogen-activated protein kinase kinase kinase MLK4,TKL,MLK,MLK,Q5TCX8,M3K21_HUMAN,"KIAA1804, dJ862P8.3, RP5-862P8.2, MLK4",-
Haspin,Serine/threonine-protein kinase haspin,Other,Haspin,-,Q8TF76,HASP_HUMAN,"GSG2, Haspin","Nucleus . Chromosome . Cytoplasm, cytoskeleton, spindle ."
Trb3,Tribbles homolog 3,CAMK,Trbl,-,Q96RU7,TRIB3_HUMAN,"C20orf97, NIPK, Trb3, SKIP3, SINK, TRIB3, LOC57761, TRB3",Nucleus .
CRIK,Citron Rho-interacting kinase,AGC,DMPK,-,O14578,CTRO_HUMAN,"CIT, KIAA0949, STK21, CRIK",Cytoplasm .
CaMKK1,Calcium/calmodulin-dependent protein kinase kinase 1,Other,CAMKK,CAMKK-Meta,Q8N5S9,KKCC1_HUMAN,"MGC34095, CaMKK1, DKFZp761M0423, CAMKK1, CAMKKA",Cytoplasm . Nucleus .
LRRK1,Leucine-rich repeat serine/threonine-protein kinase 1,TKL,LRRK,-,Q38SD2,LRRK1_HUMAN,"FLJ23119, LRRK1, Roco1, FLJ27465, RIPK6, KIAA1790",Cytoplasm .
SgK307,Inactive serine/threonine-protein kinase TEX14,Other,NKF5,-,Q8IWB6,TEX14_HUMAN,"SgK307, TEX14","Cytoplasm . Midbody . Chromosome, centromere, kinetochore ."
MAST4,Microtubule-associated serine/threonine-protein kinase 4,AGC,MAST,-,O15021,MAST4_HUMAN,"MAST4, LOC375449",Cytoplasm .
CaMK2d,Calcium/calmodulin-dependent protein kinase type II subunit delta,CAMK,CAMK2,-,Q13557,KCC2D_HUMAN,"CaMK2d, CAMK2D, MGC44911, CAMKD","Cell membrane, sarcolemma ; Peripheral membrane protein ; Cytoplasmic side . Sarcoplasmic reticulum membrane ; Peripheral membrane protein ; Cytoplasmic side ."
BIKE,BMP-2-inducible protein kinase,Other,NAK,-,Q9NSY1,BMP2K_HUMAN,"DKFZp434K0614, BIKE, HRIHFB2017, BMP2K, DKFZp434P0116",Nucleus .
TSSK1,Testis-specific serine/threonine-protein kinase 1,CAMK,TSSK,-,Q9BXA7,TSSK1_HUMAN,"FKSG81, TSSK1B, STK22D, SPOGA4, TSSK1","Cytoplasm . Cytoplasmic vesicle, secretory vesicle, acrosome . Cell projection, cilium, flagellum ."
SgK085,Myosin light chain kinase family member 4,CAMK,MLCK,-,Q86YV6,MYLK4_HUMAN,"SgK085, RP11-145H9.1, LOC340156",-
ADCK2,Uncharacterized aarF domain-containing protein kinase 2,Atypical,ABC1,ABC1-C,Q7Z695,ADCK2_HUMAN,"ADCK2, MGC20727, AARF",Membrane ; Single-pass membrane protein .
DAPK3,Death-associated protein kinase 3,CAMK,DAPK,-,O43293,DAPK3_HUMAN,"ZIPK, DAPK3, ZIP, FLJ36473",Nucleus . Cytoplasm . Isoform 1: Nucleus . Cytoplasm .; Isoform 2: Nucleus . Cytoplasm .
Wee1B,Wee1-like protein kinase 2,Other,WEE,-,P0C1S8,WEE2_HUMAN,"FLJ40852, Wee1B",Nucleus .
RNAseL,2-5A-dependent ribonuclease,Other,Other-Unique,-,Q05823,RN5A_HUMAN,"RNS4, MGC104972, DKFZp781D08126, RNASEL, MGC133329, RNAseL, PRCA1",Cytoplasm . Mitochondrion .
ChaK2,Transient receptor potential cation channel subfamily M member 6,Atypical,Alpha,ChaK,Q9BX84,TRPM6_HUMAN,"CHAK2, HSH, ChaK2, HMGX, FLJ20087, TRPM6, HOMG",Cell membrane ; Multi-pass membrane protein.
RIOK2,Serine/threonine-protein kinase RIO2,Atypical,RIO,RIO2,Q9BVS4,RIOK2_HUMAN,"RIOK2, FLJ11159",Cytoplasm .
AlphaK2,Alpha-protein kinase 2,Atypical,Alpha,-,Q86TB3,ALPK2_HUMAN,"AlphaK2, FLJ43253, HAK, ALPK2, FLJ34875",Basolateral cell membrane .
AlphaK3,Alpha-protein kinase 1,Atypical,Alpha,-,Q96QP1,ALPK1_HUMAN,"ALPK1, FLJ22670, 8430410J10Rik, LAK, AlphaK3, KIAA1527","Cytoplasm, cytosol ."
BRD2,Bromodomain-containing protein 2,Atypical,BRD,-,P25440,BRD2_HUMAN,"KIAA9001, NAT, FSRG1, RING3, D6S113E, FLJ31942, DKFZp686N0336, RNF3, BRD2",Nucleus .
BRD3,Bromodomain-containing protein 3,Atypical,BRD,-,Q15059,BRD3_HUMAN,"RING3L, ORFX, KIAA0043, BRD3",Nucleus .
BRD4,BRD4 protein,Atypical,BRD,-,O60885,BRD4_HUMAN,"BRD4, MCAP, CAP, HUNKI",Nucleus . Chromosome . Isoform B: Chromosome .
BRDT,Bromodomain testis-specific protein,Atypical,BRD,-,Q58F21,BRDT_HUMAN,"BRDT, BRD6",Nucleus .
AlphaK1,Alpha-protein kinase 3,Atypical,Alpha,-,Q96L96,ALPK3_HUMAN,"ALPK3, KIAA1330, AlphaK1, MIDORI, MAK, FLJ21176",Nucleus .
ADCK5,Uncharacterized aarF domain-containing protein kinase 5,Atypical,ABC1,ABC1-D,Q3MIX3,NT2NA_HUMAN,"FLJ35454, ADCK5, MGC126708",Secreted . Cytoplasm .
TIF1a,Transcription intermediary factor 1-alpha,Atypical,TIF1,-,O15164,TIF1A_HUMAN,"RNF82, TRIM24, TIF1a, hTIF1, TF1A, TIF1ALPHA, TIF1A, TIF1, PTC6",Nucleus . Cytoplasm .
TIF1b,Transcription intermediary factor 1-beta,Atypical,TIF1,-,Q13263,TIF1B_HUMAN,"TRIM28, KAP1, TIF1b, RNF96, FLJ29029, TIF1B, TF1B",Nucleus .
TIF1g,E3 ubiquitin-protein ligase TRIM33,Atypical,TIF1,-,Q9UPN9,TRI33_HUMAN,"FLJ32925, TIF1GAMMA, TRIM33, TIF1G, TIF1g, TIFGAMMA, PTC7, RFG7, TF1G",Nucleus .
PAN3,PAB-dependent poly(A)-specific ribonuclease subunit 3,Other,PAN3,-,Q58A45,PAN3_HUMAN,PAN3,"Cytoplasm, P-body ."
FASTK,Fas-activated serine/threonine kinase,Atypical,FAST,-,Q14296,FASTK_HUMAN,"FASTK, FLJ13079, FAST",Isoform 4: Mitochondrion matrix .
G11,Serine/threonine-protein kinase 19,Atypical,G11,-,P49842,STK19_HUMAN,"RP1, STK19, D6S60, MGC117388, D6S60E, HLA-RP1, G11",Nucleus .
TAF1,Transcription initiation factor TFIID subunit 1,Atypical,TAF1,-,P21675,TAF1_HUMAN,"BA2R, TAF1, TAF2A, OF, NSCL2, P250, TAFII250, CCGS, CCG1",Nucleus .
TAF1L,Transcription initiation factor TFIID subunit 1-like,Atypical,TAF1,-,Q8IZX4,TAF1L_HUMAN,"MGC134910, TAF2A2, TAF1L",Nucleus .
BCR,Breakpoint cluster region protein,Atypical,BCR,-,P11274,BCR_HUMAN,"BCR1, CML, D22S11, PHL, D22S662, ALL, FLJ16453, FGFR1/BCR, BCR/FGFR1, BCR","Cell junction, synapse, postsynaptic density . Cell projection, dendritic spine . Cell projection, axon . Cell junction, synapse ."
ABR,Active breakpoint cluster region-related protein,Atypical,BCR,-,Q12979,ABR_HUMAN,ABR,"Cell projection, dendritic spine . Cell projection, axon . Cell junction, synapse ."
TIF1D,Tripartite motif-containing protein 66,Atypical,TIF1,-,B5MCJ9,B5MCJ9_HUMAN,TIF1D,-
GTF2F1,General transcription factor IIF subunit 1,Atypical,GTF2F1,-,Q6IBK5,Q6IBK5_HUMAN,GTF2F1,Nucleus .
Col4A3BP,Collagen type IV alpha-3-binding protein,Atypical,Col4A3BP,-,Q9Y5P4,CERT_HUMAN,Col4A3BP,Cytoplasm . Golgi apparatus . Endoplasmic reticulum .
BLVRA,Biliverdin reductase A,Atypical,BLVRA,-,P53004,BIEA_HUMAN,BLVRA,Cytoplasm.
BAZ1A,Bromodomain adjacent to zinc finger domain protein 1A,Atypical,BAZ,-,Q9NRL2,BAZ1A_HUMAN,BAZ1A,Nucleus.
BAZ1B,Tyrosine-protein kinase BAZ1B,Atypical,BAZ,-,Q9UIG0,BAZ1B_HUMAN,BAZ1B,Nucleus .
